{"flutter":{"platforms":{"android":{"default":{"projectId":"smartservices-aacff","appId":"1:29580934456:android:60c0bb08ac6569520c55cd","fileOutput":"android/app/google-services.json"}},"dart":{"lib/firebase_options.dart":{"projectId":"smartservices-aacff","configurations":{"android":"1:29580934456:android:60c0bb08ac6569520c55cd","ios":"1:29580934456:ios:a6b9ad267db4a7b30c55cd","macos":"1:29580934456:ios:a6b9ad267db4a7b30c55cd","web":"1:29580934456:web:16c58f4fe1b3b20f0c55cd","windows":"1:29580934456:web:7d168ef7fcbe421d0c55cd"}}}}}}