{"flutter":{"platforms":{"android":{"default":{"projectId":"smartservices-aacff","appId":"1:29580934456:android:843f517b671f81790c55cd","fileOutput":"android/app/google-services.json"}},"dart":{"lib/firebase_options.dart":{"projectId":"smartservices-aacff","configurations":{"android":"1:29580934456:android:843f517b671f81790c55cd","ios":"1:29580934456:ios:d9c6595ad997a9d30c55cd","macos":"1:29580934456:ios:d9c6595ad997a9d30c55cd","web":"1:29580934456:web:16c58f4fe1b3b20f0c55cd","windows":"1:29580934456:web:4a513424128b7d990c55cd"}}}}}}