{"v":"4.8.0","meta":{"g":"LottieFiles AE 3.0.0","a":"","k":"","d":"","tc":""},"fr":29.9700012207031,"ip":0,"op":150.000006109625,"w":335,"h":180,"nm":"assessment","ddd":0,"assets":[],"layers":[{"ddd":0,"ind":1,"ty":4,"nm":"Layer 2 Outlines 2","sr":1,"ks":{"o":{"a":1,"k":[{"i":{"x":[0.833],"y":[0.833]},"o":{"x":[0.167],"y":[0.167]},"t":13,"s":[0]},{"i":{"x":[0.833],"y":[0.833]},"o":{"x":[0.167],"y":[0.167]},"t":31.448,"s":[100]},{"i":{"x":[0.833],"y":[0.833]},"o":{"x":[0.167],"y":[0.167]},"t":105,"s":[100]},{"t":115.000254684056,"s":[0]}],"ix":11},"r":{"a":0,"k":127.07,"ix":10},"p":{"a":1,"k":[{"i":{"x":0.302,"y":0.993},"o":{"x":0.333,"y":0},"t":13,"s":[172.761,123.94,0],"to":[-10.822,-14.849,0],"ti":[0.854,0.081,0]},{"i":{"x":0.9,"y":0},"o":{"x":0.92,"y":0},"t":48,"s":[107.829,34.847,0],"to":[-0.854,-0.081,0],"ti":[0,0,0]},{"t":117.000254765518,"s":[24.161,251.824,0]}],"ix":2},"a":{"a":0,"k":[0,0,0],"ix":1},"s":{"a":0,"k":[68.4,68.4,100],"ix":6}},"ao":0,"shapes":[{"ty":"gr","it":[{"ind":0,"ty":"sh","ix":1,"ks":{"a":0,"k":{"i":[[0,0],[0,0],[0,0],[0,0]],"o":[[0,0],[0,0],[0,0],[0,0]],"v":[[1.05,4.132],[-3.352,-2.633],[-1.051,-4.132],[3.352,2.633]],"c":true},"ix":2},"nm":"Path 1","mn":"ADBE Vector Shape - Group","hd":false},{"ty":"fl","c":{"a":0,"k":[0.933333393172,0.505882352941,0.203921583587,1],"ix":4},"o":{"a":0,"k":100,"ix":5},"r":1,"bm":0,"nm":"Fill 1","mn":"ADBE Vector Graphic - Fill","hd":false},{"ty":"tr","p":{"a":0,"k":[3.602,4.382],"ix":2},"a":{"a":0,"k":[0,0],"ix":1},"s":{"a":0,"k":[100,100],"ix":3},"r":{"a":0,"k":0,"ix":6},"o":{"a":0,"k":100,"ix":7},"sk":{"a":0,"k":0,"ix":4},"sa":{"a":0,"k":0,"ix":5},"nm":"Transform"}],"nm":"Group 2","np":2,"cix":2,"bm":0,"ix":1,"mn":"ADBE Vector Group","hd":false}],"ip":12.466500507771,"op":128.000005213547,"st":12.466500507771,"bm":0},{"ddd":0,"ind":2,"ty":4,"nm":"Layer 4 Outlines","sr":1,"ks":{"o":{"a":1,"k":[{"i":{"x":[0.833],"y":[0.833]},"o":{"x":[0.167],"y":[0.167]},"t":13,"s":[0]},{"i":{"x":[0.833],"y":[0.833]},"o":{"x":[0.167],"y":[0.167]},"t":31.448,"s":[100]},{"i":{"x":[0.833],"y":[0.833]},"o":{"x":[0.167],"y":[0.167]},"t":105,"s":[100]},{"t":115.000254684056,"s":[0]}],"ix":11},"r":{"a":0,"k":127.07,"ix":10},"p":{"a":1,"k":[{"i":{"x":0.302,"y":0.994},"o":{"x":0.333,"y":0},"t":13,"s":[172.761,123.94,0],"to":[-15.076,-15.249,0],"ti":[18.15,-12.099,0]},{"i":{"x":0.897,"y":0.154},"o":{"x":0.92,"y":0},"t":48,"s":[82.303,32.443,0],"to":[-0.498,0.009,0],"ti":[0,0,0]},{"t":117.000254765518,"s":[27.075,271.452,0]}],"ix":2},"a":{"a":0,"k":[0,0,0],"ix":1},"s":{"a":0,"k":[68.4,68.4,100],"ix":6}},"ao":0,"shapes":[{"ty":"gr","it":[{"ind":0,"ty":"sh","ix":1,"ks":{"a":0,"k":{"i":[[0,0],[0,0],[0,0],[0,0],[0,0]],"o":[[0,0],[0,0],[0,0],[0,0],[0,0]],"v":[[-1.607,-3.946],[-3.505,-2.54],[1.298,3.946],[3.505,2.312],[-1.129,-3.946]],"c":true},"ix":2},"nm":"Path 1","mn":"ADBE Vector Shape - Group","hd":false},{"ty":"fl","c":{"a":0,"k":[0.933333393172,0.505882352941,0.203921583587,1],"ix":4},"o":{"a":0,"k":100,"ix":5},"r":1,"bm":0,"nm":"Fill 1","mn":"ADBE Vector Graphic - Fill","hd":false},{"ty":"tr","p":{"a":0,"k":[3.755,4.196],"ix":2},"a":{"a":0,"k":[0,0],"ix":1},"s":{"a":0,"k":[100,100],"ix":3},"r":{"a":0,"k":0,"ix":6},"o":{"a":0,"k":100,"ix":7},"sk":{"a":0,"k":0,"ix":4},"sa":{"a":0,"k":0,"ix":5},"nm":"Transform"}],"nm":"Group 2","np":2,"cix":2,"bm":0,"ix":1,"mn":"ADBE Vector Group","hd":false}],"ip":12.466500507771,"op":128.000005213547,"st":12.466500507771,"bm":0},{"ddd":0,"ind":3,"ty":4,"nm":"Layer 8 Outlines 2","sr":1,"ks":{"o":{"a":1,"k":[{"i":{"x":[0.833],"y":[0.833]},"o":{"x":[0.167],"y":[0.167]},"t":13,"s":[0]},{"i":{"x":[0.833],"y":[0.833]},"o":{"x":[0.167],"y":[0.167]},"t":31.448,"s":[100]},{"i":{"x":[0.833],"y":[0.833]},"o":{"x":[0.167],"y":[0.167]},"t":105,"s":[100]},{"t":115.000254684056,"s":[0]}],"ix":11},"r":{"a":0,"k":127.07,"ix":10},"p":{"a":1,"k":[{"i":{"x":0.302,"y":0.994},"o":{"x":0.333,"y":0},"t":13,"s":[172.761,123.94,0],"to":[-21.48,-8.138,0],"ti":[14.125,-11.895,0]},{"i":{"x":0.897,"y":0.193},"o":{"x":0.92,"y":0},"t":48,"s":[43.878,75.111,0],"to":[0.114,0.245,0],"ti":[0,0,0]},{"t":117.000254765518,"s":[1.36,284.467,0]}],"ix":2},"a":{"a":0,"k":[0,0,0],"ix":1},"s":{"a":0,"k":[68.4,68.4,100],"ix":6}},"ao":0,"shapes":[{"ty":"gr","it":[{"ind":0,"ty":"sh","ix":1,"ks":{"a":0,"k":{"i":[[0,0],[0,0],[0,0],[0,0]],"o":[[0,0],[0,0],[0,0],[0,0]],"v":[[-3.874,1.779],[1.985,-3.773],[3.874,-1.78],[-1.985,3.773]],"c":true},"ix":2},"nm":"Path 1","mn":"ADBE Vector Shape - Group","hd":false},{"ty":"fl","c":{"a":0,"k":[0,0.443137284821,0.462745127958,1],"ix":4},"o":{"a":0,"k":100,"ix":5},"r":1,"bm":0,"nm":"Fill 1","mn":"ADBE Vector Graphic - Fill","hd":false},{"ty":"tr","p":{"a":0,"k":[4.124,4.023],"ix":2},"a":{"a":0,"k":[0,0],"ix":1},"s":{"a":0,"k":[100,100],"ix":3},"r":{"a":0,"k":0,"ix":6},"o":{"a":0,"k":100,"ix":7},"sk":{"a":0,"k":0,"ix":4},"sa":{"a":0,"k":0,"ix":5},"nm":"Transform"}],"nm":"Group 2","np":2,"cix":2,"bm":0,"ix":1,"mn":"ADBE Vector Group","hd":false}],"ip":12.466500507771,"op":128.000005213547,"st":12.466500507771,"bm":0},{"ddd":0,"ind":4,"ty":4,"nm":"Layer 11 Outlines","sr":1,"ks":{"o":{"a":1,"k":[{"i":{"x":[0.833],"y":[0.833]},"o":{"x":[0.167],"y":[0.167]},"t":13,"s":[0]},{"i":{"x":[0.833],"y":[0.833]},"o":{"x":[0.167],"y":[0.167]},"t":31.448,"s":[100]},{"i":{"x":[0.833],"y":[0.833]},"o":{"x":[0.167],"y":[0.167]},"t":105,"s":[100]},{"t":115.000254684056,"s":[0]}],"ix":11},"r":{"a":0,"k":127.07,"ix":10},"p":{"a":1,"k":[{"i":{"x":0.302,"y":0.995},"o":{"x":0.333,"y":0},"t":13,"s":[172.761,123.94,0],"to":[-16.937,-19.118,0],"ti":[17.969,-1.019,0]},{"i":{"x":0.91,"y":0},"o":{"x":0.92,"y":0},"t":48,"s":[71.137,9.233,0],"to":[-1.229,-0.236,0],"ti":[0,0,0]},{"t":117.000254765518,"s":[25.129,236.721,0]}],"ix":2},"a":{"a":0,"k":[0,0,0],"ix":1},"s":{"a":0,"k":[68.4,68.4,100],"ix":6}},"ao":0,"shapes":[{"ty":"gr","it":[{"ind":0,"ty":"sh","ix":1,"ks":{"a":0,"k":{"i":[[0,0],[0,0],[0,0],[0,0]],"o":[[0,0],[0,0],[0,0],[0,0]],"v":[[-3.952,1.599],[2.156,-3.677],[3.952,-1.599],[-2.156,3.677]],"c":true},"ix":2},"nm":"Path 1","mn":"ADBE Vector Shape - Group","hd":false},{"ty":"fl","c":{"a":0,"k":[0.772549079446,0.20000001496,0.333333333333,1],"ix":4},"o":{"a":0,"k":100,"ix":5},"r":1,"bm":0,"nm":"Fill 1","mn":"ADBE Vector Graphic - Fill","hd":false},{"ty":"tr","p":{"a":0,"k":[4.201,3.927],"ix":2},"a":{"a":0,"k":[0,0],"ix":1},"s":{"a":0,"k":[100,100],"ix":3},"r":{"a":0,"k":0,"ix":6},"o":{"a":0,"k":100,"ix":7},"sk":{"a":0,"k":0,"ix":4},"sa":{"a":0,"k":0,"ix":5},"nm":"Transform"}],"nm":"Group 2","np":2,"cix":2,"bm":0,"ix":1,"mn":"ADBE Vector Group","hd":false}],"ip":12.466500507771,"op":128.000005213547,"st":12.466500507771,"bm":0},{"ddd":0,"ind":5,"ty":4,"nm":"Layer 12 Outlines 2","sr":1,"ks":{"o":{"a":1,"k":[{"i":{"x":[0.833],"y":[0.833]},"o":{"x":[0.167],"y":[0.167]},"t":13,"s":[0]},{"i":{"x":[0.833],"y":[0.833]},"o":{"x":[0.167],"y":[0.167]},"t":31.448,"s":[100]},{"i":{"x":[0.833],"y":[0.833]},"o":{"x":[0.167],"y":[0.167]},"t":105,"s":[100]},{"t":115.000254684056,"s":[0]}],"ix":11},"r":{"a":0,"k":127.07,"ix":10},"p":{"a":1,"k":[{"i":{"x":0.302,"y":0.992},"o":{"x":0.333,"y":0},"t":13,"s":[172.761,123.94,0],"to":[-12.279,-11.86,0],"ti":[18.141,-12.804,0]},{"i":{"x":0.897,"y":0.228},"o":{"x":0.92,"y":0},"t":48,"s":[99.086,52.779,0],"to":[-0.116,0.327,0],"ti":[0,0,0]},{"t":117.000254765518,"s":[27.161,276.933,0]}],"ix":2},"a":{"a":0,"k":[0,0,0],"ix":1},"s":{"a":0,"k":[68.4,68.4,100],"ix":6}},"ao":0,"shapes":[{"ty":"gr","it":[{"ind":0,"ty":"sh","ix":1,"ks":{"a":0,"k":{"i":[[0,0],[0,0],[0,0],[0,0]],"o":[[0,0],[0,0],[0,0],[0,0]],"v":[[-3.952,1.599],[2.156,-3.677],[3.952,-1.599],[-2.157,3.677]],"c":true},"ix":2},"nm":"Path 1","mn":"ADBE Vector Shape - Group","hd":false},{"ty":"fl","c":{"a":0,"k":[0.772549079446,0.20000001496,0.333333333333,1],"ix":4},"o":{"a":0,"k":100,"ix":5},"r":1,"bm":0,"nm":"Fill 1","mn":"ADBE Vector Graphic - Fill","hd":false},{"ty":"tr","p":{"a":0,"k":[4.201,3.927],"ix":2},"a":{"a":0,"k":[0,0],"ix":1},"s":{"a":0,"k":[100,100],"ix":3},"r":{"a":0,"k":0,"ix":6},"o":{"a":0,"k":100,"ix":7},"sk":{"a":0,"k":0,"ix":4},"sa":{"a":0,"k":0,"ix":5},"nm":"Transform"}],"nm":"Group 2","np":2,"cix":2,"bm":0,"ix":1,"mn":"ADBE Vector Group","hd":false}],"ip":12.466500507771,"op":128.000005213547,"st":12.466500507771,"bm":0},{"ddd":0,"ind":6,"ty":4,"nm":"Layer 14 Outlines 2","sr":1,"ks":{"o":{"a":1,"k":[{"i":{"x":[0.833],"y":[0.833]},"o":{"x":[0.167],"y":[0.167]},"t":13,"s":[0]},{"i":{"x":[0.833],"y":[0.833]},"o":{"x":[0.167],"y":[0.167]},"t":31.448,"s":[100]},{"i":{"x":[0.833],"y":[0.833]},"o":{"x":[0.167],"y":[0.167]},"t":105,"s":[100]},{"t":115.000254684056,"s":[0]}],"ix":11},"r":{"a":0,"k":127.07,"ix":10},"p":{"a":1,"k":[{"i":{"x":0.302,"y":0.992},"o":{"x":0.333,"y":0},"t":13,"s":[172.761,123.94,0],"to":[-13.744,-7.561,0],"ti":[15.813,-26.934,0]},{"i":{"x":0.897,"y":0.226},"o":{"x":0.92,"y":0},"t":48,"s":[90.296,78.575,0],"to":[-15.813,26.934,0],"ti":[14.3,-54.268,0]},{"t":117.000254765518,"s":[77.88,285.543,0]}],"ix":2},"a":{"a":0,"k":[0,0,0],"ix":1},"s":{"a":0,"k":[68.4,68.4,100],"ix":6}},"ao":0,"shapes":[{"ty":"gr","it":[{"ind":0,"ty":"sh","ix":1,"ks":{"a":0,"k":{"i":[[0,0],[0,0],[0,0],[0,0]],"o":[[0,0],[0,0],[0,0],[0,0]],"v":[[-4.864,3.214],[1.894,-5.513],[4.864,-3.214],[-1.894,5.513]],"c":true},"ix":2},"nm":"Path 1","mn":"ADBE Vector Shape - Group","hd":false},{"ty":"fl","c":{"a":0,"k":[0.933333393172,0.505882352941,0.203921583587,1],"ix":4},"o":{"a":0,"k":100,"ix":5},"r":1,"bm":0,"nm":"Fill 1","mn":"ADBE Vector Graphic - Fill","hd":false},{"ty":"tr","p":{"a":0,"k":[5.114,5.763],"ix":2},"a":{"a":0,"k":[0,0],"ix":1},"s":{"a":0,"k":[100,100],"ix":3},"r":{"a":0,"k":0,"ix":6},"o":{"a":0,"k":100,"ix":7},"sk":{"a":0,"k":0,"ix":4},"sa":{"a":0,"k":0,"ix":5},"nm":"Transform"}],"nm":"Group 2","np":2,"cix":2,"bm":0,"ix":1,"mn":"ADBE Vector Group","hd":false}],"ip":12.466500507771,"op":128.000005213547,"st":12.466500507771,"bm":0},{"ddd":0,"ind":7,"ty":4,"nm":"Layer 15 Outlines","sr":1,"ks":{"o":{"a":1,"k":[{"i":{"x":[0.833],"y":[0.833]},"o":{"x":[0.167],"y":[0.167]},"t":13,"s":[0]},{"i":{"x":[0.833],"y":[0.833]},"o":{"x":[0.167],"y":[0.167]},"t":31.448,"s":[100]},{"i":{"x":[0.833],"y":[0.833]},"o":{"x":[0.167],"y":[0.167]},"t":105,"s":[100]},{"t":115.000254684056,"s":[0]}],"ix":11},"r":{"a":0,"k":127.07,"ix":10},"p":{"a":1,"k":[{"i":{"x":0.302,"y":0.996},"o":{"x":0.333,"y":0},"t":13,"s":[172.761,123.94,0],"to":[-25.998,-17.281,0],"ti":[14.32,-0.575,0]},{"i":{"x":0.908,"y":0},"o":{"x":0.92,"y":0},"t":48,"s":[16.77,20.256,0],"to":[0.093,-0.147,0],"ti":[0,0,0]},{"t":117.000254765518,"s":[33.135,244.937,0]}],"ix":2},"a":{"a":0,"k":[0,0,0],"ix":1},"s":{"a":0,"k":[68.4,68.4,100],"ix":6}},"ao":0,"shapes":[{"ty":"gr","it":[{"ind":0,"ty":"sh","ix":1,"ks":{"a":0,"k":{"i":[[0,0],[0,0],[0,0],[0,0]],"o":[[0,0],[0,0],[0,0],[0,0]],"v":[[-2.455,5.288],[-1.279,-5.688],[2.455,-5.288],[1.279,5.688]],"c":true},"ix":2},"nm":"Path 1","mn":"ADBE Vector Shape - Group","hd":false},{"ty":"fl","c":{"a":0,"k":[0.466666696586,0.823529471603,0.866666726505,1],"ix":4},"o":{"a":0,"k":100,"ix":5},"r":1,"bm":0,"nm":"Fill 1","mn":"ADBE Vector Graphic - Fill","hd":false},{"ty":"tr","p":{"a":0,"k":[2.705,5.938],"ix":2},"a":{"a":0,"k":[0,0],"ix":1},"s":{"a":0,"k":[100,100],"ix":3},"r":{"a":0,"k":0,"ix":6},"o":{"a":0,"k":100,"ix":7},"sk":{"a":0,"k":0,"ix":4},"sa":{"a":0,"k":0,"ix":5},"nm":"Transform"}],"nm":"Group 2","np":2,"cix":2,"bm":0,"ix":1,"mn":"ADBE Vector Group","hd":false}],"ip":12.466500507771,"op":128.000005213547,"st":12.466500507771,"bm":0},{"ddd":0,"ind":8,"ty":4,"nm":"Layer 18 Outlines","sr":1,"ks":{"o":{"a":1,"k":[{"i":{"x":[0.833],"y":[0.833]},"o":{"x":[0.167],"y":[0.167]},"t":13,"s":[0]},{"i":{"x":[0.833],"y":[0.833]},"o":{"x":[0.167],"y":[0.167]},"t":31.448,"s":[100]},{"i":{"x":[0.833],"y":[0.833]},"o":{"x":[0.167],"y":[0.167]},"t":105,"s":[100]},{"t":115.000254684056,"s":[0]}],"ix":11},"r":{"a":0,"k":127.07,"ix":10},"p":{"a":1,"k":[{"i":{"x":0.302,"y":0.992},"o":{"x":0.333,"y":0},"t":13,"s":[172.761,123.94,0],"to":[-3.919,-16.15,0],"ti":[5.988,-2.152,0]},{"i":{"x":0.921,"y":0},"o":{"x":0.92,"y":0},"t":48,"s":[149.249,27.043,0],"to":[-0.362,0.13,0],"ti":[0,0,0]},{"t":117.000254765518,"s":[93.828,233.155,0]}],"ix":2},"a":{"a":0,"k":[0,0,0],"ix":1},"s":{"a":0,"k":[68.4,68.4,100],"ix":6}},"ao":0,"shapes":[{"ty":"gr","it":[{"ind":0,"ty":"sh","ix":1,"ks":{"a":0,"k":{"i":[[0,0],[0,0],[0,0],[0,0]],"o":[[0,0],[0,0],[0,0],[0,0]],"v":[[0.218,4.135],[-3.471,-2.257],[-0.219,-4.135],[3.471,2.258]],"c":true},"ix":2},"nm":"Path 1","mn":"ADBE Vector Shape - Group","hd":false},{"ty":"fl","c":{"a":0,"k":[0.772549079446,0.20000001496,0.333333333333,1],"ix":4},"o":{"a":0,"k":100,"ix":5},"r":1,"bm":0,"nm":"Fill 1","mn":"ADBE Vector Graphic - Fill","hd":false},{"ty":"tr","p":{"a":0,"k":[3.721,4.385],"ix":2},"a":{"a":0,"k":[0,0],"ix":1},"s":{"a":0,"k":[100,100],"ix":3},"r":{"a":0,"k":0,"ix":6},"o":{"a":0,"k":100,"ix":7},"sk":{"a":0,"k":0,"ix":4},"sa":{"a":0,"k":0,"ix":5},"nm":"Transform"}],"nm":"Group 2","np":2,"cix":2,"bm":0,"ix":1,"mn":"ADBE Vector Group","hd":false}],"ip":12.466500507771,"op":128.000005213547,"st":12.466500507771,"bm":0},{"ddd":0,"ind":9,"ty":4,"nm":"Layer 24 Outlines","sr":1,"ks":{"o":{"a":1,"k":[{"i":{"x":[0.833],"y":[0.833]},"o":{"x":[0.167],"y":[0.167]},"t":13,"s":[0]},{"i":{"x":[0.833],"y":[0.833]},"o":{"x":[0.167],"y":[0.167]},"t":31.448,"s":[100]},{"i":{"x":[0.833],"y":[0.833]},"o":{"x":[0.167],"y":[0.167]},"t":105,"s":[100]},{"t":115.000254684056,"s":[0]}],"ix":11},"r":{"a":0,"k":127.07,"ix":10},"p":{"a":1,"k":[{"i":{"x":0.302,"y":0.993},"o":{"x":0.333,"y":0},"t":13,"s":[172.761,123.94,0],"to":[-4.809,-18.723,0],"ti":[8.276,-6.409,0]},{"i":{"x":0.916,"y":0},"o":{"x":0.92,"y":0},"t":48,"s":[143.907,11.601,0],"to":[-0.045,0.035,0],"ti":[0,0,0]},{"t":117.000254765518,"s":[56.863,229.447,0]}],"ix":2},"a":{"a":0,"k":[0,0,0],"ix":1},"s":{"a":0,"k":[68.4,68.4,100],"ix":6}},"ao":0,"shapes":[{"ty":"gr","it":[{"ind":0,"ty":"sh","ix":1,"ks":{"a":0,"k":{"i":[[0,0],[0,0],[0,0],[0,0]],"o":[[0,0],[0,0],[0,0],[0,0]],"v":[[-5.404,2.186],[2.949,-5.029],[5.404,-2.186],[-2.949,5.029]],"c":true},"ix":2},"nm":"Path 1","mn":"ADBE Vector Shape - Group","hd":false},{"ty":"fl","c":{"a":0,"k":[0.933333393172,0.505882352941,0.203921583587,1],"ix":4},"o":{"a":0,"k":100,"ix":5},"r":1,"bm":0,"nm":"Fill 1","mn":"ADBE Vector Graphic - Fill","hd":false},{"ty":"tr","p":{"a":0,"k":[5.654,5.278],"ix":2},"a":{"a":0,"k":[0,0],"ix":1},"s":{"a":0,"k":[100,100],"ix":3},"r":{"a":0,"k":0,"ix":6},"o":{"a":0,"k":100,"ix":7},"sk":{"a":0,"k":0,"ix":4},"sa":{"a":0,"k":0,"ix":5},"nm":"Transform"}],"nm":"Group 2","np":2,"cix":2,"bm":0,"ix":1,"mn":"ADBE Vector Group","hd":false}],"ip":12.466500507771,"op":128.000005213547,"st":12.466500507771,"bm":0},{"ddd":0,"ind":10,"ty":4,"nm":"Layer 26 Outlines","sr":1,"ks":{"o":{"a":1,"k":[{"i":{"x":[0.833],"y":[0.833]},"o":{"x":[0.167],"y":[0.167]},"t":13,"s":[0]},{"i":{"x":[0.833],"y":[0.833]},"o":{"x":[0.167],"y":[0.167]},"t":31.448,"s":[100]},{"i":{"x":[0.833],"y":[0.833]},"o":{"x":[0.167],"y":[0.167]},"t":105,"s":[100]},{"t":115.000254684056,"s":[0]}],"ix":11},"r":{"a":0,"k":127.07,"ix":10},"p":{"a":1,"k":[{"i":{"x":0.302,"y":0.994},"o":{"x":0.333,"y":0},"t":13,"s":[172.761,123.94,0],"to":[-8.584,-18.582,0],"ti":[18.944,-0.504,0]},{"i":{"x":0.897,"y":0.112},"o":{"x":0.92,"y":0},"t":48,"s":[121.254,12.446,0],"to":[-0.102,-0.001,0],"ti":[0,0,0]},{"t":117.000254765518,"s":[55.244,257.271,0]}],"ix":2},"a":{"a":0,"k":[0,0,0],"ix":1},"s":{"a":0,"k":[68.4,68.4,100],"ix":6}},"ao":0,"shapes":[{"ty":"gr","it":[{"ind":0,"ty":"sh","ix":1,"ks":{"a":0,"k":{"i":[[0,0],[0,0],[0,0],[0,0]],"o":[[0,0],[0,0],[0,0],[0,0]],"v":[[-2.455,5.288],[-1.279,-5.688],[2.455,-5.288],[1.279,5.688]],"c":true},"ix":2},"nm":"Path 1","mn":"ADBE Vector Shape - Group","hd":false},{"ty":"fl","c":{"a":0,"k":[0.466666696586,0.823529471603,0.866666726505,1],"ix":4},"o":{"a":0,"k":100,"ix":5},"r":1,"bm":0,"nm":"Fill 1","mn":"ADBE Vector Graphic - Fill","hd":false},{"ty":"tr","p":{"a":0,"k":[2.705,5.938],"ix":2},"a":{"a":0,"k":[0,0],"ix":1},"s":{"a":0,"k":[100,100],"ix":3},"r":{"a":0,"k":0,"ix":6},"o":{"a":0,"k":100,"ix":7},"sk":{"a":0,"k":0,"ix":4},"sa":{"a":0,"k":0,"ix":5},"nm":"Transform"}],"nm":"Group 2","np":2,"cix":2,"bm":0,"ix":1,"mn":"ADBE Vector Group","hd":false}],"ip":12.466500507771,"op":128.000005213547,"st":12.466500507771,"bm":0},{"ddd":0,"ind":11,"ty":4,"nm":"Layer 3 Outlines 2","sr":1,"ks":{"o":{"a":1,"k":[{"i":{"x":[0.833],"y":[0.833]},"o":{"x":[0.167],"y":[0.167]},"t":13,"s":[0]},{"i":{"x":[0.833],"y":[0.833]},"o":{"x":[0.167],"y":[0.167]},"t":31.448,"s":[100]},{"i":{"x":[0.833],"y":[0.833]},"o":{"x":[0.167],"y":[0.167]},"t":105,"s":[100]},{"t":115.000254684056,"s":[0]}],"ix":11},"r":{"a":0,"k":127.07,"ix":10},"p":{"a":1,"k":[{"i":{"x":0.302,"y":0.993},"o":{"x":0.333,"y":0},"t":13,"s":[172.761,123.94,0],"to":[15.471,-10.131,0],"ti":[-13.822,-11.7,0]},{"i":{"x":0.897,"y":0.154},"o":{"x":0.92,"y":0},"t":48,"s":[265.589,63.152,0],"to":[-0.455,-0.593,0],"ti":[0,0,0]},{"t":117.000254765518,"s":[338.646,273.232,0]}],"ix":2},"a":{"a":0,"k":[0,0,0],"ix":1},"s":{"a":0,"k":[68.4,68.4,100],"ix":6}},"ao":0,"shapes":[{"ty":"gr","it":[{"ind":0,"ty":"sh","ix":1,"ks":{"a":0,"k":{"i":[[0,0],[0,0],[0,0],[0,0]],"o":[[0,0],[0,0],[0,0],[0,0]],"v":[[1.299,4.061],[-3.505,-2.426],[-1.298,-4.061],[3.505,2.427]],"c":true},"ix":2},"nm":"Path 1","mn":"ADBE Vector Shape - Group","hd":false},{"ty":"fl","c":{"a":0,"k":[0.372549019608,0.196078446332,0.364705882353,1],"ix":4},"o":{"a":0,"k":100,"ix":5},"r":1,"bm":0,"nm":"Fill 1","mn":"ADBE Vector Graphic - Fill","hd":false},{"ty":"tr","p":{"a":0,"k":[3.755,4.311],"ix":2},"a":{"a":0,"k":[0,0],"ix":1},"s":{"a":0,"k":[100,100],"ix":3},"r":{"a":0,"k":0,"ix":6},"o":{"a":0,"k":100,"ix":7},"sk":{"a":0,"k":0,"ix":4},"sa":{"a":0,"k":0,"ix":5},"nm":"Transform"}],"nm":"Group 2","np":2,"cix":2,"bm":0,"ix":1,"mn":"ADBE Vector Group","hd":false}],"ip":12.466500507771,"op":128.000005213547,"st":12.466500507771,"bm":0},{"ddd":0,"ind":12,"ty":4,"nm":"Layer 5 Outlines","sr":1,"ks":{"o":{"a":1,"k":[{"i":{"x":[0.833],"y":[0.833]},"o":{"x":[0.167],"y":[0.167]},"t":13,"s":[0]},{"i":{"x":[0.833],"y":[0.833]},"o":{"x":[0.167],"y":[0.167]},"t":31.448,"s":[100]},{"i":{"x":[0.833],"y":[0.833]},"o":{"x":[0.167],"y":[0.167]},"t":105,"s":[100]},{"t":115.000254684056,"s":[0]}],"ix":11},"r":{"a":0,"k":127.07,"ix":10},"p":{"a":1,"k":[{"i":{"x":0.302,"y":0.995},"o":{"x":0.333,"y":0},"t":13,"s":[172.761,123.94,0],"to":[19.203,-16.477,0],"ti":[-16.192,13.432,0]},{"i":{"x":0.92,"y":0},"o":{"x":0.92,"y":0},"t":48,"s":[287.976,25.081,0],"to":[1.503,-1.247,0],"ti":[0,0,0]},{"t":117.000254765518,"s":[351.219,232.25,0]}],"ix":2},"a":{"a":0,"k":[0,0,0],"ix":1},"s":{"a":0,"k":[68.4,68.4,100],"ix":6}},"ao":0,"shapes":[{"ty":"gr","it":[{"ind":0,"ty":"sh","ix":1,"ks":{"a":0,"k":{"i":[[0,0],[0,0],[0,0],[0,0]],"o":[[0,0],[0,0],[0,0],[0,0]],"v":[[-3.874,1.779],[1.985,-3.773],[3.874,-1.78],[-1.984,3.773]],"c":true},"ix":2},"nm":"Path 1","mn":"ADBE Vector Shape - Group","hd":false},{"ty":"fl","c":{"a":0,"k":[0,0.443137284821,0.462745127958,1],"ix":4},"o":{"a":0,"k":100,"ix":5},"r":1,"bm":0,"nm":"Fill 1","mn":"ADBE Vector Graphic - Fill","hd":false},{"ty":"tr","p":{"a":0,"k":[4.124,4.023],"ix":2},"a":{"a":0,"k":[0,0],"ix":1},"s":{"a":0,"k":[100,100],"ix":3},"r":{"a":0,"k":0,"ix":6},"o":{"a":0,"k":100,"ix":7},"sk":{"a":0,"k":0,"ix":4},"sa":{"a":0,"k":0,"ix":5},"nm":"Transform"}],"nm":"Group 2","np":2,"cix":2,"bm":0,"ix":1,"mn":"ADBE Vector Group","hd":false}],"ip":12.466500507771,"op":128.000005213547,"st":12.466500507771,"bm":0},{"ddd":0,"ind":13,"ty":4,"nm":"Layer 6 Outlines 2","sr":1,"ks":{"o":{"a":1,"k":[{"i":{"x":[0.833],"y":[0.833]},"o":{"x":[0.167],"y":[0.167]},"t":13,"s":[0]},{"i":{"x":[0.833],"y":[0.833]},"o":{"x":[0.167],"y":[0.167]},"t":31.448,"s":[100]},{"i":{"x":[0.833],"y":[0.833]},"o":{"x":[0.167],"y":[0.167]},"t":105,"s":[100]},{"t":115.000254684056,"s":[0]}],"ix":11},"r":{"a":0,"k":127.07,"ix":10},"p":{"a":1,"k":[{"i":{"x":0.302,"y":0.994},"o":{"x":0.333,"y":0},"t":13,"s":[172.761,123.94,0],"to":[9.931,-18.841,0],"ti":[-15.153,-0.14,0]},{"i":{"x":0.918,"y":0},"o":{"x":0.92,"y":0},"t":48,"s":[232.344,10.894,0],"to":[-0.075,-0.334,0],"ti":[0,0,0]},{"t":117.000254765518,"s":[337.274,221.533,0]}],"ix":2},"a":{"a":0,"k":[0,0,0],"ix":1},"s":{"a":0,"k":[68.4,68.4,100],"ix":6}},"ao":0,"shapes":[{"ty":"gr","it":[{"ind":0,"ty":"sh","ix":1,"ks":{"a":0,"k":{"i":[[0,0],[0,0],[0,0],[0,0]],"o":[[0,0],[0,0],[0,0],[0,0]],"v":[[-3.874,1.779],[1.985,-3.773],[3.874,-1.78],[-1.984,3.773]],"c":true},"ix":2},"nm":"Path 1","mn":"ADBE Vector Shape - Group","hd":false},{"ty":"fl","c":{"a":0,"k":[0,0.443137284821,0.462745127958,1],"ix":4},"o":{"a":0,"k":100,"ix":5},"r":1,"bm":0,"nm":"Fill 1","mn":"ADBE Vector Graphic - Fill","hd":false},{"ty":"tr","p":{"a":0,"k":[4.124,4.023],"ix":2},"a":{"a":0,"k":[0,0],"ix":1},"s":{"a":0,"k":[100,100],"ix":3},"r":{"a":0,"k":0,"ix":6},"o":{"a":0,"k":100,"ix":7},"sk":{"a":0,"k":0,"ix":4},"sa":{"a":0,"k":0,"ix":5},"nm":"Transform"}],"nm":"Group 2","np":2,"cix":2,"bm":0,"ix":1,"mn":"ADBE Vector Group","hd":false}],"ip":12.466500507771,"op":128.000005213547,"st":12.466500507771,"bm":0},{"ddd":0,"ind":14,"ty":4,"nm":"Layer 10 Outlines","sr":1,"ks":{"o":{"a":1,"k":[{"i":{"x":[0.833],"y":[0.833]},"o":{"x":[0.167],"y":[0.167]},"t":13,"s":[0]},{"i":{"x":[0.833],"y":[0.833]},"o":{"x":[0.167],"y":[0.167]},"t":31.448,"s":[100]},{"i":{"x":[0.833],"y":[0.833]},"o":{"x":[0.167],"y":[0.167]},"t":105,"s":[100]},{"t":115.000254684056,"s":[0]}],"ix":11},"r":{"a":0,"k":127.07,"ix":10},"p":{"a":1,"k":[{"i":{"x":0.302,"y":0.993},"o":{"x":0.333,"y":0},"t":13,"s":[172.761,123.94,0],"to":[10.763,-16.372,0],"ti":[-11.012,-0.133,0]},{"i":{"x":0.921,"y":0},"o":{"x":0.92,"y":0},"t":48,"s":[237.339,25.708,0],"to":[-0.05,-0.356,0],"ti":[0,0,0]},{"t":117.000254765518,"s":[299.155,228.577,0]}],"ix":2},"a":{"a":0,"k":[0,0,0],"ix":1},"s":{"a":0,"k":[68.4,68.4,100],"ix":6}},"ao":0,"shapes":[{"ty":"gr","it":[{"ind":0,"ty":"sh","ix":1,"ks":{"a":0,"k":{"i":[[0,0],[0,0],[0,0],[0,0]],"o":[[0,0],[0,0],[0,0],[0,0]],"v":[[-3.874,1.779],[1.985,-3.773],[3.874,-1.78],[-1.985,3.773]],"c":true},"ix":2},"nm":"Path 1","mn":"ADBE Vector Shape - Group","hd":false},{"ty":"fl","c":{"a":0,"k":[0,0.443137284821,0.462745127958,1],"ix":4},"o":{"a":0,"k":100,"ix":5},"r":1,"bm":0,"nm":"Fill 1","mn":"ADBE Vector Graphic - Fill","hd":false},{"ty":"tr","p":{"a":0,"k":[4.124,4.023],"ix":2},"a":{"a":0,"k":[0,0],"ix":1},"s":{"a":0,"k":[100,100],"ix":3},"r":{"a":0,"k":0,"ix":6},"o":{"a":0,"k":100,"ix":7},"sk":{"a":0,"k":0,"ix":4},"sa":{"a":0,"k":0,"ix":5},"nm":"Transform"}],"nm":"Group 2","np":2,"cix":2,"bm":0,"ix":1,"mn":"ADBE Vector Group","hd":false}],"ip":12.466500507771,"op":128.000005213547,"st":12.466500507771,"bm":0},{"ddd":0,"ind":15,"ty":4,"nm":"Layer 13 Outlines 2","sr":1,"ks":{"o":{"a":1,"k":[{"i":{"x":[0.833],"y":[0.833]},"o":{"x":[0.167],"y":[0.167]},"t":13,"s":[0]},{"i":{"x":[0.833],"y":[0.833]},"o":{"x":[0.167],"y":[0.167]},"t":31.448,"s":[100]},{"i":{"x":[0.833],"y":[0.833]},"o":{"x":[0.167],"y":[0.167]},"t":105,"s":[100]},{"t":115.000254684056,"s":[0]}],"ix":11},"r":{"a":0,"k":127.07,"ix":10},"p":{"a":1,"k":[{"i":{"x":0.302,"y":0.995},"o":{"x":0.333,"y":0},"t":13,"s":[172.761,123.94,0],"to":[24.086,-15.29,0],"ti":[-30.205,-22.876,0]},{"i":{"x":0.897,"y":0.14},"o":{"x":0.92,"y":0},"t":48,"s":[317.278,32.202,0],"to":[30.205,22.876,0],"ti":[-12.645,-69.094,0]},{"t":117.000254765518,"s":[353.99,261.198,0]}],"ix":2},"a":{"a":0,"k":[0,0,0],"ix":1},"s":{"a":0,"k":[68.4,68.4,100],"ix":6}},"ao":0,"shapes":[{"ty":"gr","it":[{"ind":0,"ty":"sh","ix":1,"ks":{"a":0,"k":{"i":[[0,0],[0,0],[0,0],[0,0]],"o":[[0,0],[0,0],[0,0],[0,0]],"v":[[-5.404,2.186],[2.949,-5.029],[5.404,-2.186],[-2.949,5.029]],"c":true},"ix":2},"nm":"Path 1","mn":"ADBE Vector Shape - Group","hd":false},{"ty":"fl","c":{"a":0,"k":[0.933333393172,0.505882352941,0.203921583587,1],"ix":4},"o":{"a":0,"k":100,"ix":5},"r":1,"bm":0,"nm":"Fill 1","mn":"ADBE Vector Graphic - Fill","hd":false},{"ty":"tr","p":{"a":0,"k":[5.654,5.278],"ix":2},"a":{"a":0,"k":[0,0],"ix":1},"s":{"a":0,"k":[100,100],"ix":3},"r":{"a":0,"k":0,"ix":6},"o":{"a":0,"k":100,"ix":7},"sk":{"a":0,"k":0,"ix":4},"sa":{"a":0,"k":0,"ix":5},"nm":"Transform"}],"nm":"Group 2","np":2,"cix":2,"bm":0,"ix":1,"mn":"ADBE Vector Group","hd":false}],"ip":12.466500507771,"op":128.000005213547,"st":12.466500507771,"bm":0},{"ddd":0,"ind":16,"ty":4,"nm":"Layer 16 Outlines","sr":1,"ks":{"o":{"a":1,"k":[{"i":{"x":[0.833],"y":[0.833]},"o":{"x":[0.167],"y":[0.167]},"t":13,"s":[0]},{"i":{"x":[0.833],"y":[0.833]},"o":{"x":[0.167],"y":[0.167]},"t":31.448,"s":[100]},{"i":{"x":[0.833],"y":[0.833]},"o":{"x":[0.167],"y":[0.167]},"t":105,"s":[100]},{"t":115.000254684056,"s":[0]}],"ix":11},"r":{"a":0,"k":127.07,"ix":10},"p":{"a":1,"k":[{"i":{"x":0.302,"y":0.991},"o":{"x":0.333,"y":0},"t":13,"s":[172.761,123.94,0],"to":[12.247,-7.252,0],"ti":[-23.949,-26.677,0]},{"i":{"x":0.897,"y":0.229},"o":{"x":0.92,"y":0},"t":48,"s":[246.242,80.428,0],"to":[23.949,26.677,0],"ti":[-20.01,-54.47,0]},{"t":117.000254765518,"s":[316.456,284.003,0]}],"ix":2},"a":{"a":0,"k":[0,0,0],"ix":1},"s":{"a":0,"k":[68.4,68.4,100],"ix":6}},"ao":0,"shapes":[{"ty":"gr","it":[{"ind":0,"ty":"sh","ix":1,"ks":{"a":0,"k":{"i":[[0,0],[0,0],[0,0],[0,0]],"o":[[0,0],[0,0],[0,0],[0,0]],"v":[[0.218,4.135],[-3.471,-2.258],[-0.219,-4.135],[3.471,2.258]],"c":true},"ix":2},"nm":"Path 1","mn":"ADBE Vector Shape - Group","hd":false},{"ty":"fl","c":{"a":0,"k":[0.772549079446,0.20000001496,0.333333333333,1],"ix":4},"o":{"a":0,"k":100,"ix":5},"r":1,"bm":0,"nm":"Fill 1","mn":"ADBE Vector Graphic - Fill","hd":false},{"ty":"tr","p":{"a":0,"k":[3.721,4.384],"ix":2},"a":{"a":0,"k":[0,0],"ix":1},"s":{"a":0,"k":[100,100],"ix":3},"r":{"a":0,"k":0,"ix":6},"o":{"a":0,"k":100,"ix":7},"sk":{"a":0,"k":0,"ix":4},"sa":{"a":0,"k":0,"ix":5},"nm":"Transform"}],"nm":"Group 2","np":2,"cix":2,"bm":0,"ix":1,"mn":"ADBE Vector Group","hd":false}],"ip":12.466500507771,"op":128.000005213547,"st":12.466500507771,"bm":0},{"ddd":0,"ind":17,"ty":4,"nm":"Layer 20 Outlines","sr":1,"ks":{"o":{"a":1,"k":[{"i":{"x":[0.833],"y":[0.833]},"o":{"x":[0.167],"y":[0.167]},"t":13,"s":[0]},{"i":{"x":[0.833],"y":[0.833]},"o":{"x":[0.167],"y":[0.167]},"t":31.448,"s":[100]},{"i":{"x":[0.833],"y":[0.833]},"o":{"x":[0.167],"y":[0.167]},"t":105,"s":[100]},{"t":115.000254684056,"s":[0]}],"ix":11},"r":{"a":0,"k":127.07,"ix":10},"p":{"a":1,"k":[{"i":{"x":0.302,"y":0.993},"o":{"x":0.333,"y":0},"t":13,"s":[172.761,123.94,0],"to":[12.968,-15.811,0],"ti":[-20.55,7.692,0]},{"i":{"x":0.9,"y":0},"o":{"x":0.92,"y":0},"t":48,"s":[250.568,29.075,0],"to":[0.197,-0.074,0],"ti":[0,0,0]},{"t":117.000254765518,"s":[355.98,242.881,0]}],"ix":2},"a":{"a":0,"k":[0,0,0],"ix":1},"s":{"a":0,"k":[68.4,68.4,100],"ix":6}},"ao":0,"shapes":[{"ty":"gr","it":[{"ind":0,"ty":"sh","ix":1,"ks":{"a":0,"k":{"i":[[0,0],[0,0],[0,0],[0,0]],"o":[[0,0],[0,0],[0,0],[0,0]],"v":[[-3.774,1.702],[0.846,-4.053],[3.774,-1.702],[-0.845,4.053]],"c":true},"ix":2},"nm":"Path 1","mn":"ADBE Vector Shape - Group","hd":false},{"ty":"fl","c":{"a":0,"k":[0.772549079446,0.20000001496,0.333333333333,1],"ix":4},"o":{"a":0,"k":100,"ix":5},"r":1,"bm":0,"nm":"Fill 1","mn":"ADBE Vector Graphic - Fill","hd":false},{"ty":"tr","p":{"a":0,"k":[4.024,4.304],"ix":2},"a":{"a":0,"k":[0,0],"ix":1},"s":{"a":0,"k":[100,100],"ix":3},"r":{"a":0,"k":0,"ix":6},"o":{"a":0,"k":100,"ix":7},"sk":{"a":0,"k":0,"ix":4},"sa":{"a":0,"k":0,"ix":5},"nm":"Transform"}],"nm":"Group 2","np":2,"cix":2,"bm":0,"ix":1,"mn":"ADBE Vector Group","hd":false}],"ip":12.466500507771,"op":128.000005213547,"st":12.466500507771,"bm":0},{"ddd":0,"ind":18,"ty":4,"nm":"Layer 22 Outlines","sr":1,"ks":{"o":{"a":1,"k":[{"i":{"x":[0.833],"y":[0.833]},"o":{"x":[0.167],"y":[0.167]},"t":13,"s":[0]},{"i":{"x":[0.833],"y":[0.833]},"o":{"x":[0.167],"y":[0.167]},"t":31.448,"s":[100]},{"i":{"x":[0.833],"y":[0.833]},"o":{"x":[0.167],"y":[0.167]},"t":105,"s":[100]},{"t":115.000254684056,"s":[0]}],"ix":11},"r":{"a":0,"k":127.07,"ix":10},"p":{"a":1,"k":[{"i":{"x":0.302,"y":0.993},"o":{"x":0.333,"y":0},"t":13,"s":[172.761,123.94,0],"to":[8.575,-18.712,0],"ti":[-5.728,2.543,0]},{"i":{"x":0.926,"y":0},"o":{"x":0.92,"y":0},"t":48,"s":[224.212,11.666,0],"to":[0.091,-0.04,0],"ti":[0,0,0]},{"t":117.000254765518,"s":[289.653,220.284,0]}],"ix":2},"a":{"a":0,"k":[0,0,0],"ix":1},"s":{"a":0,"k":[68.4,68.4,100],"ix":6}},"ao":0,"shapes":[{"ty":"gr","it":[{"ind":0,"ty":"sh","ix":1,"ks":{"a":0,"k":{"i":[[0,0],[0,0],[0,0],[0,0]],"o":[[0,0],[0,0],[0,0],[0,0]],"v":[[-2.455,5.288],[-1.279,-5.688],[2.455,-5.288],[1.279,5.688]],"c":true},"ix":2},"nm":"Path 1","mn":"ADBE Vector Shape - Group","hd":false},{"ty":"fl","c":{"a":0,"k":[0.466666696586,0.823529471603,0.866666726505,1],"ix":4},"o":{"a":0,"k":100,"ix":5},"r":1,"bm":0,"nm":"Fill 1","mn":"ADBE Vector Graphic - Fill","hd":false},{"ty":"tr","p":{"a":0,"k":[2.705,5.938],"ix":2},"a":{"a":0,"k":[0,0],"ix":1},"s":{"a":0,"k":[100,100],"ix":3},"r":{"a":0,"k":0,"ix":6},"o":{"a":0,"k":100,"ix":7},"sk":{"a":0,"k":0,"ix":4},"sa":{"a":0,"k":0,"ix":5},"nm":"Transform"}],"nm":"Group 2","np":2,"cix":2,"bm":0,"ix":1,"mn":"ADBE Vector Group","hd":false}],"ip":12.466500507771,"op":128.000005213547,"st":12.466500507771,"bm":0},{"ddd":0,"ind":19,"ty":4,"nm":"Layer 28 Outlines","sr":1,"ks":{"o":{"a":1,"k":[{"i":{"x":[0.833],"y":[0.833]},"o":{"x":[0.167],"y":[0.167]},"t":13,"s":[0]},{"i":{"x":[0.833],"y":[0.833]},"o":{"x":[0.167],"y":[0.167]},"t":31.448,"s":[100]},{"i":{"x":[0.833],"y":[0.833]},"o":{"x":[0.167],"y":[0.167]},"t":105,"s":[100]},{"t":115.000254684056,"s":[0]}],"ix":11},"r":{"a":0,"k":127.07,"ix":10},"p":{"a":1,"k":[{"i":{"x":0.302,"y":0.995},"o":{"x":0.333,"y":0},"t":13,"s":[172.761,123.94,0],"to":[15.657,-18.717,0],"ti":[-35.97,-0.379,0]},{"i":{"x":0.897,"y":0.12},"o":{"x":0.92,"y":0},"t":48,"s":[266.704,11.641,0],"to":[-0.176,-0.043,0],"ti":[0,0,0]},{"t":117.000254765518,"s":[344.754,256.812,0]}],"ix":2},"a":{"a":0,"k":[0,0,0],"ix":1},"s":{"a":0,"k":[68.4,68.4,100],"ix":6}},"ao":0,"shapes":[{"ty":"gr","it":[{"ind":0,"ty":"sh","ix":1,"ks":{"a":0,"k":{"i":[[0,0],[0,0],[0,0],[0,0]],"o":[[0,0],[0,0],[0,0],[0,0]],"v":[[-3.952,1.599],[2.156,-3.677],[3.952,-1.599],[-2.156,3.677]],"c":true},"ix":2},"nm":"Path 1","mn":"ADBE Vector Shape - Group","hd":false},{"ty":"fl","c":{"a":0,"k":[0.772549079446,0.20000001496,0.333333333333,1],"ix":4},"o":{"a":0,"k":100,"ix":5},"r":1,"bm":0,"nm":"Fill 1","mn":"ADBE Vector Graphic - Fill","hd":false},{"ty":"tr","p":{"a":0,"k":[4.201,3.927],"ix":2},"a":{"a":0,"k":[0,0],"ix":1},"s":{"a":0,"k":[100,100],"ix":3},"r":{"a":0,"k":0,"ix":6},"o":{"a":0,"k":100,"ix":7},"sk":{"a":0,"k":0,"ix":4},"sa":{"a":0,"k":0,"ix":5},"nm":"Transform"}],"nm":"Group 2","np":2,"cix":2,"bm":0,"ix":1,"mn":"ADBE Vector Group","hd":false}],"ip":12.466500507771,"op":128.000005213547,"st":12.466500507771,"bm":0},{"ddd":0,"ind":20,"ty":4,"nm":"tick Outlines 2","parent":21,"sr":1,"ks":{"o":{"a":1,"k":[{"i":{"x":[0.833],"y":[0.833]},"o":{"x":[0.167],"y":[0.167]},"t":11,"s":[0]},{"t":13.0000005295009,"s":[100]}],"ix":11},"r":{"a":0,"k":0,"ix":10},"p":{"a":0,"k":[216.225,37.725,0],"ix":2},"a":{"a":0,"k":[27.05,20.45,0],"ix":1},"s":{"a":0,"k":[45,45,100],"ix":6}},"ao":0,"shapes":[{"ty":"gr","it":[{"ind":0,"ty":"sh","ix":1,"ks":{"a":1,"k":[{"i":{"x":0.667,"y":1},"o":{"x":0.333,"y":0},"t":11,"s":[{"i":[[0,0],[0,0],[0,0]],"o":[[0,0],[0,0],[0,0]],"v":[[-20.223,0.975],[-20.241,1.182],[-20.05,0.95]],"c":false}]},{"i":{"x":0.667,"y":1},"o":{"x":0.333,"y":0},"t":20,"s":[{"i":[[0,0],[0,0],[0,0]],"o":[[0,0],[0,0],[0,0]],"v":[[-7.532,13.243],[-7.55,13.45],[-20.05,0.95]],"c":false}]},{"t":31.0000012626559,"s":[{"i":[[0,0],[0,0],[0,0]],"o":[[0,0],[0,0],[0,0]],"v":[[20.05,-13.45],[-7.55,13.45],[-20.05,0.95]],"c":false}]}],"ix":2},"nm":"Path 1","mn":"ADBE Vector Shape - Group","hd":false},{"ty":"st","c":{"a":0,"k":[1,1,1,1],"ix":3},"o":{"a":0,"k":100,"ix":4},"w":{"a":0,"k":7,"ix":5},"lc":2,"lj":2,"bm":0,"nm":"Stroke 1","mn":"ADBE Vector Graphic - Stroke","hd":false},{"ty":"tr","p":{"a":0,"k":[27.05,20.45],"ix":2},"a":{"a":0,"k":[0,0],"ix":1},"s":{"a":0,"k":[100,100],"ix":3},"r":{"a":0,"k":0,"ix":6},"o":{"a":0,"k":100,"ix":7},"sk":{"a":0,"k":0,"ix":4},"sa":{"a":0,"k":0,"ix":5},"nm":"Transform"}],"nm":"Group 1","np":2,"cix":2,"bm":0,"ix":1,"mn":"ADBE Vector Group","hd":false}],"ip":11.0000004480392,"op":153.000006231818,"st":11.0000004480392,"bm":0},{"ddd":0,"ind":21,"ty":4,"nm":"tick-circle","sr":1,"ks":{"o":{"a":1,"k":[{"i":{"x":[0.833],"y":[0.833]},"o":{"x":[0.167],"y":[0.167]},"t":11,"s":[0]},{"t":13.0000005295009,"s":[100]}],"ix":11},"r":{"a":0,"k":0,"ix":10},"p":{"a":0,"k":[84.667,46.667,0],"ix":2},"a":{"a":0,"k":[216,38,0],"ix":1},"s":{"a":1,"k":[{"i":{"x":[0.667,0.667,0.667],"y":[1,1,1]},"o":{"x":[0.333,0.333,0.333],"y":[0,0,0]},"t":11,"s":[50,50,100]},{"i":{"x":[0.667,0.667,0.667],"y":[1,1,1]},"o":{"x":[0.333,0.333,0.333],"y":[0,0,0]},"t":25,"s":[110,110,100]},{"t":31.0000012626559,"s":[100,100,100]}],"ix":6}},"ao":0,"shapes":[{"ty":"gr","it":[{"ind":0,"ty":"sh","ix":1,"ks":{"a":0,"k":{"i":[[-9.389,0],[0,-9.389],[9.389,0],[0,9.389]],"o":[[9.389,0],[0,9.389],[-9.389,0],[0,-9.389]],"v":[[0,-17],[17,0],[0,17],[-17,0]],"c":true},"ix":2},"nm":"Path 1","mn":"ADBE Vector Shape - Group","hd":false},{"ty":"mm","mm":4,"nm":"Merge Paths 1","mn":"ADBE Vector Filter - Merge","hd":false},{"ty":"fl","c":{"a":0,"k":[0,0.592156862745,0.61568627451,1],"ix":4},"o":{"a":0,"k":100,"ix":5},"r":1,"bm":0,"nm":"Fill 1","mn":"ADBE Vector Graphic - Fill","hd":false},{"ty":"tr","p":{"a":0,"k":[216,38],"ix":2},"a":{"a":0,"k":[0,0],"ix":1},"s":{"a":0,"k":[100,100],"ix":3},"r":{"a":0,"k":0,"ix":6},"o":{"a":0,"k":100,"ix":7},"sk":{"a":0,"k":0,"ix":4},"sa":{"a":0,"k":0,"ix":5},"nm":"Transform"}],"nm":"Group 2","np":3,"cix":2,"bm":0,"ix":1,"mn":"ADBE Vector Group","hd":false}],"ip":0,"op":155.000006313279,"st":0,"bm":0},{"ddd":0,"ind":22,"ty":4,"nm":"face Outlines","parent":26,"sr":1,"ks":{"o":{"a":0,"k":100,"ix":11},"r":{"a":0,"k":0,"ix":10},"p":{"a":0,"k":[41.751,-10.706,0],"ix":2},"a":{"a":0,"k":[30.018,44.83,0],"ix":1},"s":{"a":0,"k":[100,100,100],"ix":6}},"ao":0,"shapes":[{"ty":"gr","it":[{"ind":0,"ty":"sh","ix":1,"ks":{"a":0,"k":{"i":[[0.031,0.458],[-3.115,3.908],[0.358,0.286],[0.286,-0.358],[-0.574,-8.282],[-0.457,0.032]],"o":[[-0.548,-7.902],[0.286,-0.359],[-0.359,-0.287],[-3.411,4.28],[0.032,0.458],[0.457,-0.032]],"v":[[-0.965,9.119],[2.909,-8.583],[2.779,-9.751],[1.612,-9.621],[-2.621,9.235],[-1.736,10.006]],"c":true},"ix":2},"nm":"Path 1","mn":"ADBE Vector Shape - Group","hd":false},{"ty":"fl","c":{"a":0,"k":[0.282352941176,0.176470588235,0.121568634931,1],"ix":4},"o":{"a":0,"k":100,"ix":5},"r":1,"bm":0,"nm":"Fill 1","mn":"ADBE Vector Graphic - Fill","hd":false},{"ty":"tr","p":{"a":0,"k":[39.595,79.372],"ix":2},"a":{"a":0,"k":[0,0],"ix":1},"s":{"a":0,"k":[100,100],"ix":3},"r":{"a":0,"k":0,"ix":6},"o":{"a":0,"k":100,"ix":7},"sk":{"a":0,"k":0,"ix":4},"sa":{"a":0,"k":0,"ix":5},"nm":"Transform"}],"nm":"Group 1","np":4,"cix":2,"bm":0,"ix":1,"mn":"ADBE Vector Group","hd":false},{"ty":"gr","it":[{"ind":0,"ty":"sh","ix":1,"ks":{"a":0,"k":{"i":[[0,0],[0,0],[-0.585,-0.173],[-0.061,-0.012],[-1.496,-0.184],[-0.037,0.303],[0.303,0.037],[0.543,0.103],[0.057,0.011],[-0.002,0.082],[0,0],[0,0],[0,0],[0.304,0.027],[0.027,-0.305],[0,0]],"o":[[0,0],[-0.073,0.6],[0.109,0.024],[0.576,0.109],[0.303,0.037],[0.038,-0.304],[-1.47,-0.181],[-0.056,-0.011],[0.013,0.001],[0,0],[0,0],[0,0],[0.027,-0.305],[-0.305,-0.027],[0,0],[0,0]],"v":[[-2.066,3.818],[-2.077,3.879],[-1.223,5.26],[-0.993,5.308],[1.496,5.658],[2.112,5.176],[1.631,4.558],[-0.787,4.219],[-0.957,4.186],[-0.98,4.036],[0.391,-1.729],[0.404,-1.809],[0.692,-5.067],[0.19,-5.668],[-0.41,-5.165],[-0.695,-1.947]],"c":true},"ix":2},"nm":"Path 1","mn":"ADBE Vector Shape - Group","hd":false},{"ty":"fl","c":{"a":0,"k":[0.282352941176,0.176470588235,0.121568634931,1],"ix":4},"o":{"a":0,"k":100,"ix":5},"r":1,"bm":0,"nm":"Fill 1","mn":"ADBE Vector Graphic - Fill","hd":false},{"ty":"tr","p":{"a":0,"k":[8.026,27.089],"ix":2},"a":{"a":0,"k":[0,0],"ix":1},"s":{"a":0,"k":[100,100],"ix":3},"r":{"a":0,"k":0,"ix":6},"o":{"a":0,"k":100,"ix":7},"sk":{"a":0,"k":0,"ix":4},"sa":{"a":0,"k":0,"ix":5},"nm":"Transform"}],"nm":"Group 2","np":4,"cix":2,"bm":0,"ix":2,"mn":"ADBE Vector Group","hd":false},{"ty":"gr","it":[{"ind":0,"ty":"sh","ix":1,"ks":{"a":1,"k":[{"i":{"x":0.667,"y":1},"o":{"x":0.333,"y":0},"t":25,"s":[{"i":[[-0.624,0.091],[-0.239,0.585],[0.042,0.117],[1.002,0.012],[0,0],[-0.241,-0.309]],"o":[[0.398,-0.063],[0.013,-0.11],[-0.179,-0.357],[-1.778,-0.051],[0,0],[0.441,0.948]],"v":[[0.871,0.725],[2.482,-0.137],[2.529,-0.522],[0.614,-0.813],[-2.571,-1.206],[-2.026,0.258]],"c":true}]},{"t":31.0000012626559,"s":[{"i":[[-0.624,0.091],[-0.239,0.585],[0.042,0.117],[1.002,0.012],[0,0],[-0.241,-0.309]],"o":[[0.398,-0.063],[0.013,-0.11],[-0.179,-0.357],[-1.778,-0.051],[0,0],[0.441,0.948]],"v":[[0.835,2.635],[2.482,-0.137],[2.529,-0.522],[0.614,-0.813],[-2.571,-1.206],[-2.062,2.167]],"c":true}]}],"ix":2},"nm":"Path 1","mn":"ADBE Vector Shape - Group","hd":false},{"ty":"fl","c":{"a":0,"k":[0.282352941176,0.176470588235,0.121568634931,1],"ix":4},"o":{"a":0,"k":100,"ix":5},"r":1,"bm":0,"nm":"Fill 1","mn":"ADBE Vector Graphic - Fill","hd":false},{"ty":"tr","p":{"a":0,"k":[9.361,35.289],"ix":2},"a":{"a":0,"k":[0,0],"ix":1},"s":{"a":0,"k":[100,100],"ix":3},"r":{"a":0,"k":0,"ix":6},"o":{"a":0,"k":100,"ix":7},"sk":{"a":0,"k":0,"ix":4},"sa":{"a":0,"k":0,"ix":5},"nm":"Transform"}],"nm":"mouth","np":4,"cix":2,"bm":0,"ix":3,"mn":"ADBE Vector Group","hd":false},{"ty":"gr","it":[{"ind":0,"ty":"sh","ix":1,"ks":{"a":0,"k":{"i":[[-0.029,-0.673],[0.63,-0.592],[-0.6,1.713],[-0.44,-0.054]],"o":[[0.05,0.955],[-0.835,0.902],[0.259,-0.749],[0.659,0.081]],"v":[[6.326,-0.88],[5.667,2.221],[4.04,-1.329],[5.15,-2.197]],"c":true},"ix":2},"nm":"Path 1","mn":"ADBE Vector Shape - Group","hd":false},{"ind":1,"ty":"sh","ix":2,"ks":{"a":0,"k":{"i":[[-0.029,-0.674],[0.63,-0.592],[-0.601,1.713],[-0.439,-0.054]],"o":[[-0.005,0.949],[-0.835,0.902],[0.259,-0.749],[0.659,0.081]],"v":[[-3.489,-1.752],[-4.148,1.349],[-5.775,-2.201],[-4.666,-3.069]],"c":true},"ix":2},"nm":"Path 2","mn":"ADBE Vector Shape - Group","hd":false},{"ty":"mm","mm":1,"nm":"Merge Paths 1","mn":"ADBE Vector Filter - Merge","hd":false},{"ty":"gr","it":[{"ind":0,"ty":"sh","ix":1,"ks":{"a":0,"k":{"i":[[0,0],[0,0],[0,0],[0,0]],"o":[[0,0],[0,0],[0,0],[0,0]],"v":[[-142.27,133.664],[192.73,133.664],[192.73,-46.336],[-142.27,-46.336]],"c":true},"ix":2},"nm":"Path 1","mn":"ADBE Vector Shape - Group","hd":false},{"ind":1,"ty":"sh","ix":2,"ks":{"a":0,"k":{"i":[[0,0],[0,0],[0,0],[0,0]],"o":[[0,0],[0,0],[0,0],[0,0]],"v":[[-142.27,-46.336],[192.73,-46.336],[192.73,133.664],[-142.27,133.664]],"c":true},"ix":2},"nm":"Path 2","mn":"ADBE Vector Shape - Group","hd":false},{"ty":"tr","p":{"a":0,"k":[0,0],"ix":2},"a":{"a":0,"k":[0,0],"ix":1},"s":{"a":0,"k":[100,100],"ix":3},"r":{"a":0,"k":0,"ix":6},"o":{"a":0,"k":100,"ix":7},"sk":{"a":0,"k":0,"ix":4},"sa":{"a":0,"k":0,"ix":5},"nm":"Transform"}],"nm":"Group 1","np":2,"cix":2,"bm":0,"ix":4,"mn":"ADBE Vector Group","hd":false},{"ty":"fl","c":{"a":0,"k":[0.282352941176,0.176470588235,0.121568634931,1],"ix":4},"o":{"a":0,"k":100,"ix":5},"r":1,"bm":0,"nm":"Fill 1","mn":"ADBE Vector Graphic - Fill","hd":false},{"ty":"tr","p":{"a":0,"k":[8.014,26.122],"ix":2},"a":{"a":0,"k":[0,0],"ix":1},"s":{"a":0,"k":[100,100],"ix":3},"r":{"a":0,"k":0,"ix":6},"o":{"a":0,"k":100,"ix":7},"sk":{"a":0,"k":0,"ix":4},"sa":{"a":0,"k":0,"ix":5},"nm":"Transform"}],"nm":"eye","np":6,"cix":2,"bm":0,"ix":4,"mn":"ADBE Vector Group","hd":false},{"ty":"gr","it":[{"ind":0,"ty":"sh","ix":1,"ks":{"a":0,"k":{"i":[[1.078,0.3],[-0.486,0.33],[-1.16,-0.086],[2.504,-0.418]],"o":[[-0.535,-0.178],[0.548,-0.38],[2.265,0.167],[-1.66,0.354]],"v":[[-18.439,-3.873],[-18.628,-5.068],[-16.028,-5.81],[-13.965,-3.546]],"c":true},"ix":2},"nm":"Path 1","mn":"ADBE Vector Shape - Group","hd":false},{"ind":1,"ty":"sh","ix":2,"ks":{"a":0,"k":{"i":[[1.023,0.293],[-0.432,0.337],[-1.105,-0.08],[2.511,-0.472]],"o":[[-0.536,-0.178],[0.548,-0.38],[2.265,0.167],[-1.605,0.361]],"v":[[-29.092,-5.183],[-29.336,-6.385],[-26.792,-7.133],[-24.728,-4.87]],"c":true},"ix":2},"nm":"Path 2","mn":"ADBE Vector Shape - Group","hd":false},{"ind":2,"ty":"sh","ix":3,"ks":{"a":0,"k":{"i":[[0.777,-1.385],[-1.141,-1.399],[1.43,-2.567],[10.54,1.388],[-0.009,0.748],[0.003,0.006],[-1.891,1.698],[0.738,2.94],[2.653,0.13],[0.174,-0.099],[0,0],[0,0],[0.157,0.272],[3.618,4.586],[0.955,0.622],[-0.417,0.416],[-1.883,0.757],[-2.677,-0.577],[-1.695,-0.341],[-0.603,-0.098],[-0.658,-0.101],[-4.032,-2.615],[-1.355,-2.039],[0.478,-2.077]],"o":[[-0.725,2.636],[5.719,7.015],[-1.634,2.933],[-7.023,-4.756],[-0.003,-0.007],[0.733,-0.116],[1.889,-1.645],[-0.635,-2.822],[-1.494,-0.049],[-2.02,1.136],[0,0],[-0.176,-0.318],[-3.562,-4.582],[-6.396,-1.948],[0.425,-0.526],[1.614,-1.664],[4.428,-1.467],[0.383,0.082],[0.493,0.09],[1.427,0.211],[8.351,1.141],[0.742,0.497],[3.911,5.939],[-0.478,1.858]],"v":[[20.826,4.197],[21.449,10.249],[28.337,20.856],[10.077,23.173],[4.64,9.09],[4.632,9.071],[9.537,7.082],[11.942,-0.359],[6.163,-5.763],[3.231,-5.08],[0.204,-2.237],[-0.426,-1.04],[-0.926,-1.927],[-11.673,-15.622],[-25.036,-18.058],[-23.769,-19.525],[-18.417,-23.094],[-6.443,-23.81],[-3.161,-23.136],[-1.573,-22.858],[1.609,-22.358],[17.314,-19.314],[21.104,-15.604],[22.778,-0.656]],"c":true},"ix":2},"nm":"Path 3","mn":"ADBE Vector Shape - Group","hd":false},{"ty":"mm","mm":1,"nm":"Merge Paths 1","mn":"ADBE Vector Filter - Merge","hd":false},{"ty":"fl","c":{"a":0,"k":[0.282352941176,0.176470588235,0.121568634931,1],"ix":4},"o":{"a":0,"k":100,"ix":5},"r":1,"bm":0,"nm":"Fill 1","mn":"ADBE Vector Graphic - Fill","hd":false},{"ty":"tr","p":{"a":0,"k":[30.018,24.811],"ix":2},"a":{"a":0,"k":[0,0],"ix":1},"s":{"a":0,"k":[100,100],"ix":3},"r":{"a":0,"k":0,"ix":6},"o":{"a":0,"k":100,"ix":7},"sk":{"a":0,"k":0,"ix":4},"sa":{"a":0,"k":0,"ix":5},"nm":"Transform"}],"nm":"Group 5","np":7,"cix":2,"bm":0,"ix":5,"mn":"ADBE Vector Group","hd":false},{"ty":"gr","it":[{"ind":0,"ty":"sh","ix":1,"ks":{"a":0,"k":{"i":[[0,0],[0,0],[0,0]],"o":[[0,0],[0,0],[0,0]],"v":[[-3.169,3.202],[3.368,-3.202],[-3.368,-1.475]],"c":true},"ix":2},"nm":"Path 1","mn":"ADBE Vector Shape - Group","hd":false},{"ty":"fl","c":{"a":0,"k":[0.282352941176,0.176470588235,0.121568634931,1],"ix":4},"o":{"a":0,"k":100,"ix":5},"r":1,"bm":0,"nm":"Fill 1","mn":"ADBE Vector Graphic - Fill","hd":false},{"ty":"tr","p":{"a":0,"k":[26.953,49.213],"ix":2},"a":{"a":0,"k":[0,0],"ix":1},"s":{"a":0,"k":[100,100],"ix":3},"r":{"a":0,"k":0,"ix":6},"o":{"a":0,"k":100,"ix":7},"sk":{"a":0,"k":0,"ix":4},"sa":{"a":0,"k":0,"ix":5},"nm":"Transform"}],"nm":"Group 6","np":2,"cix":2,"bm":0,"ix":6,"mn":"ADBE Vector Group","hd":false}],"ip":0,"op":150.000006109625,"st":0,"bm":0},{"ddd":0,"ind":23,"ty":4,"nm":"phone Outlines","parent":26,"sr":1,"ks":{"o":{"a":0,"k":100,"ix":11},"r":{"a":0,"k":0,"ix":10},"p":{"a":0,"k":[-63.221,-1.488,0],"ix":2},"a":{"a":0,"k":[17.128,23.123,0],"ix":1},"s":{"a":0,"k":[100,100,100],"ix":6}},"ao":0,"shapes":[{"ty":"gr","it":[{"ind":0,"ty":"sh","ix":1,"ks":{"a":0,"k":{"i":[[-1.471,0.963],[-0.578,-0.895],[0,0],[1.466,-1.019],[0.578,0.895],[0,0]],"o":[[1.471,-0.963],[0,0],[0.578,0.894],[-1.471,0.963],[0,0],[-0.638,-0.945]],"v":[[-14.706,-21.821],[-10.999,-21.979],[16.299,18.404],[14.766,21.82],[11.059,21.979],[-16.24,-18.405]],"c":true},"ix":2},"nm":"Path 1","mn":"ADBE Vector Shape - Group","hd":false},{"ty":"fl","c":{"a":0,"k":[0.219607858097,0.054901964524,0.396078461292,1],"ix":4},"o":{"a":0,"k":100,"ix":5},"r":1,"bm":0,"nm":"Fill 1","mn":"ADBE Vector Graphic - Fill","hd":false},{"ty":"tr","p":{"a":0,"k":[17.128,23.123],"ix":2},"a":{"a":0,"k":[0,0],"ix":1},"s":{"a":0,"k":[100,100],"ix":3},"r":{"a":0,"k":0,"ix":6},"o":{"a":0,"k":100,"ix":7},"sk":{"a":0,"k":0,"ix":4},"sa":{"a":0,"k":0,"ix":5},"nm":"Transform"}],"nm":"Group 1","np":4,"cix":2,"bm":0,"ix":1,"mn":"ADBE Vector Group","hd":false}],"ip":0,"op":150.000006109625,"st":0,"bm":0},{"ddd":0,"ind":24,"ty":4,"nm":"arm Outlines","parent":26,"sr":1,"ks":{"o":{"a":0,"k":100,"ix":11},"r":{"a":0,"k":0,"ix":10},"p":{"a":0,"k":[22.164,50.944,0],"ix":2},"a":{"a":0,"k":[65.502,49.053,0],"ix":1},"s":{"a":0,"k":[100,100,100],"ix":6}},"ao":0,"shapes":[{"ty":"gr","it":[{"ind":0,"ty":"sh","ix":1,"ks":{"a":1,"k":[{"i":{"x":0.667,"y":1},"o":{"x":0.333,"y":0},"t":0,"s":[{"i":[[6.002,3.399],[3.566,6.415],[0,0],[0,0],[2.972,4.08],[4.161,-0.273],[0,0],[-9.113,1.196],[-0.693,-0.582],[-2.941,-1.989],[-1.219,-4.626],[0,0],[-9.085,0.265],[-16.295,32.3]],"o":[[-7.307,-4.138],[0,0],[0,0],[-1.291,-2.746],[-2.458,-3.374],[0,0],[-0.876,6.341],[6.132,0.965],[7.393,6.202],[1.129,5.179],[0,0],[7.188,11.297],[15.671,-0.457],[-8.451,0.824]],"v":[[43.572,-4.46],[27.397,-17.917],[15.198,1.904],[-8.251,-33.311],[-14.646,-43.55],[-25.275,-48.53],[-64.376,-45.965],[-52.021,-38.247],[-41.783,-35.927],[-26.915,-24.116],[-23.393,-9.409],[-7.106,31.99],[17.302,48.538],[65.251,-0.597]],"c":true}]},{"i":{"x":0.667,"y":1},"o":{"x":0.333,"y":0},"t":8,"s":[{"i":[[6.002,3.399],[3.566,6.415],[0,0],[0,0],[2.972,4.08],[4.161,-0.273],[0,0],[-9.113,1.196],[-0.693,-0.582],[-2.941,-1.989],[-1.219,-4.626],[0,0],[-9.085,0.265],[-16.295,32.3]],"o":[[-7.307,-4.138],[0,0],[0,0],[-1.291,-2.746],[-2.458,-3.374],[0,0],[-0.876,6.341],[6.132,0.965],[7.393,6.202],[1.129,5.179],[0,0],[7.188,11.297],[15.671,-0.457],[-8.451,0.824]],"v":[[43.572,-4.46],[27.398,-17.917],[15.198,1.904],[-18.25,-33.311],[-24.645,-43.55],[-35.274,-48.53],[-74.375,-45.965],[-62.02,-38.247],[-51.782,-35.927],[-36.914,-24.116],[-33.392,-9.409],[-7.106,31.99],[17.303,48.538],[65.251,-0.597]],"c":true}]},{"t":12.00000048877,"s":[{"i":[[6.002,3.399],[3.566,6.415],[0,0],[0,0],[2.972,4.08],[4.161,-0.273],[0,0],[-9.113,1.196],[-0.693,-0.582],[-2.941,-1.989],[-1.219,-4.626],[0,0],[-9.085,0.265],[-16.295,32.3]],"o":[[-7.307,-4.138],[0,0],[0,0],[-1.291,-2.746],[-2.458,-3.374],[0,0],[-0.876,6.341],[6.132,0.965],[7.393,6.202],[1.129,5.179],[0,0],[7.188,11.297],[15.671,-0.457],[-8.451,0.824]],"v":[[43.572,-4.46],[27.397,-17.917],[15.198,1.904],[-8.251,-33.311],[-14.646,-43.55],[-25.275,-48.53],[-64.376,-45.965],[-52.021,-38.247],[-41.783,-35.927],[-26.915,-24.116],[-23.393,-9.409],[-7.106,31.99],[17.302,48.538],[65.251,-0.597]],"c":true}]}],"ix":2},"nm":"Path 1","mn":"ADBE Vector Shape - Group","hd":false},{"ty":"fl","c":{"a":0,"k":[0.988235353956,0.694117647059,0.588235294118,1],"ix":4},"o":{"a":0,"k":100,"ix":5},"r":1,"bm":0,"nm":"Fill 1","mn":"ADBE Vector Graphic - Fill","hd":false},{"ty":"tr","p":{"a":0,"k":[107.985,43.925],"ix":2},"a":{"a":0,"k":[42.483,-5.128],"ix":1},"s":{"a":0,"k":[100,100],"ix":3},"r":{"a":0,"k":0,"ix":6},"o":{"a":0,"k":100,"ix":7},"sk":{"a":0,"k":0,"ix":4},"sa":{"a":0,"k":0,"ix":5},"nm":"Transform"}],"nm":"Group 1","np":2,"cix":2,"bm":0,"ix":1,"mn":"ADBE Vector Group","hd":false}],"ip":0,"op":150.000006109625,"st":0,"bm":0},{"ddd":0,"ind":25,"ty":4,"nm":"skin Outlines","parent":26,"sr":1,"ks":{"o":{"a":0,"k":100,"ix":11},"r":{"a":0,"k":0,"ix":10},"p":{"a":0,"k":[-12.134,17.436,0],"ix":2},"a":{"a":0,"k":[69.638,72.812,0],"ix":1},"s":{"a":0,"k":[100,100,100],"ix":6}},"ao":0,"shapes":[{"ty":"gr","it":[{"ind":0,"ty":"sh","ix":1,"ks":{"a":0,"k":{"i":[[-6.13,-9.596],[6.547,0.497],[19.87,35.653],[0,0],[0,0],[0,0],[-4.156,-4.423],[-0.581,-0.974],[-8.504,-10.72],[0,0],[0,0]],"o":[[-6.362,5.085],[-18.779,-1.424],[0,0],[0,0],[0,0],[4.905,-4.104],[3.828,5.034],[8.692,14.588],[0,0],[0,0],[4.752,17.993]],"v":[[48.495,41.201],[29.132,48.084],[-28.842,-7.532],[-28.84,-7.534],[-28.842,-7.535],[-48.495,-45.188],[-34.905,-44.709],[-28.291,-35.697],[-4.095,-12.974],[22.423,9.893],[32.173,-0.183]],"c":true},"ix":2},"nm":"Path 1","mn":"ADBE Vector Shape - Group","hd":false},{"ty":"fl","c":{"a":0,"k":[0.549019607843,0.164705882353,0,1],"ix":4},"o":{"a":0,"k":20,"ix":5},"r":1,"bm":0,"nm":"Fill 1","mn":"ADBE Vector Graphic - Fill","hd":false},{"ty":"tr","p":{"a":0,"k":[49.003,96.789],"ix":2},"a":{"a":0,"k":[0,0],"ix":1},"s":{"a":0,"k":[100,100],"ix":3},"r":{"a":0,"k":0,"ix":6},"o":{"a":0,"k":100,"ix":7},"sk":{"a":0,"k":0,"ix":4},"sa":{"a":0,"k":0,"ix":5},"nm":"Transform"}],"nm":"Group 1","np":4,"cix":2,"bm":0,"ix":1,"mn":"ADBE Vector Group","hd":false},{"ty":"gr","it":[{"ind":0,"ty":"sh","ix":1,"ks":{"a":0,"k":{"i":[[0,0],[0,0],[8.692,14.587],[3.829,5.034],[4.905,-4.104],[0,0],[0,0],[-18.779,-1.425],[-6.332,5.034],[0,0]],"o":[[0,0],[-8.504,-10.72],[-0.581,-0.974],[-4.156,-4.424],[0,0],[0,0],[19.87,35.654],[6.516,0.494],[0,0],[0,0]],"v":[[22.469,10.249],[-4.049,-12.617],[-28.244,-35.34],[-34.858,-44.352],[-48.449,-44.831],[-28.794,-7.178],[-28.796,-7.176],[29.178,48.441],[48.449,41.631],[32.163,0.232]],"c":true},"ix":2},"nm":"Path 1","mn":"ADBE Vector Shape - Group","hd":false},{"ty":"fl","c":{"a":0,"k":[0.988235353956,0.694117647059,0.588235294118,1],"ix":4},"o":{"a":0,"k":100,"ix":5},"r":1,"bm":0,"nm":"Fill 1","mn":"ADBE Vector Graphic - Fill","hd":false},{"ty":"tr","p":{"a":0,"k":[48.699,96.438],"ix":2},"a":{"a":0,"k":[0,0],"ix":1},"s":{"a":0,"k":[100,100],"ix":3},"r":{"a":0,"k":0,"ix":6},"o":{"a":0,"k":100,"ix":7},"sk":{"a":0,"k":0,"ix":4},"sa":{"a":0,"k":0,"ix":5},"nm":"Transform"}],"nm":"Group 2","np":4,"cix":2,"bm":0,"ix":2,"mn":"ADBE Vector Group","hd":false},{"ty":"gr","it":[{"ind":0,"ty":"sh","ix":1,"ks":{"a":0,"k":{"i":[[-1.809,3.316],[-0.872,2.673],[1.391,0.369],[-0.038,0.338],[0,0],[0.88,0.117],[1.574,0.499],[0.383,0.083],[4.429,-1.467],[1.614,-1.665],[0.425,-0.526],[0.126,-0.213],[0.155,-2.212],[0,0],[-0.096,-1.007],[-4.538,-0.928],[-3.586,0.527],[-4.855,1.215],[-0.146,0.037],[0,0],[-5.264,0.035],[0,0],[0,0],[0,0]],"o":[[0.042,-0.076],[-2.447,-3.546],[-4.314,-1.142],[0,0],[0.062,-0.885],[-1.596,-0.167],[-1.695,-0.341],[-2.677,-0.576],[-1.883,0.757],[-0.417,0.415],[-0.122,0.158],[-1.235,1.802],[0,0],[-0.014,0.998],[0.795,12.443],[0.545,0.15],[0.339,-0.087],[0.15,-0.037],[0,0],[4.347,-1.741],[0,0],[0,0],[0,0],[0.845,-0.854]],"v":[[20.689,-2.47],[22.059,-6.594],[16.303,-12.465],[7.857,-10.755],[9.398,-24.867],[7.971,-26.689],[3.271,-27.685],[-0.01,-28.359],[-11.984,-27.642],[-17.335,-24.073],[-18.602,-22.605],[-18.973,-22.077],[-21.119,-15.95],[-21.975,-6.066],[-21.964,-3.066],[-12.331,19.438],[-5.24,19.546],[-0.329,18.335],[0.115,18.223],[0.605,29.109],[15.1,26.326],[16.941,26.326],[16.372,12.672],[16.708,3.785]],"c":true},"ix":2},"nm":"Path 1","mn":"ADBE Vector Shape - Group","hd":false},{"ty":"fl","c":{"a":0,"k":[0.988235353956,0.694117647059,0.588235294118,1],"ix":4},"o":{"a":0,"k":100,"ix":5},"r":1,"bm":0,"nm":"Fill 1","mn":"ADBE Vector Graphic - Fill","hd":false},{"ty":"tr","p":{"a":0,"k":[116.967,29.358],"ix":2},"a":{"a":0,"k":[0,0],"ix":1},"s":{"a":0,"k":[100,100],"ix":3},"r":{"a":0,"k":0,"ix":6},"o":{"a":0,"k":100,"ix":7},"sk":{"a":0,"k":0,"ix":4},"sa":{"a":0,"k":0,"ix":5},"nm":"Transform"}],"nm":"Group 3","np":4,"cix":2,"bm":0,"ix":3,"mn":"ADBE Vector Group","hd":false}],"ip":0,"op":150.000006109625,"st":0,"bm":0},{"ddd":0,"ind":26,"ty":4,"nm":"tee Outlines","sr":1,"ks":{"o":{"a":0,"k":100,"ix":11},"r":{"a":0,"k":0,"ix":10},"p":{"a":1,"k":[{"i":{"x":0.667,"y":1},"o":{"x":0.333,"y":0},"t":0,"s":[192.829,122.186,0],"to":[-3.056,0,0],"ti":[3.056,0,0]},{"t":10.0000004073083,"s":[174.496,122.186,0]}],"ix":2},"a":{"a":0,"k":[51.973,46.437,0],"ix":1},"s":{"a":0,"k":[100,100,100],"ix":6}},"ao":0,"shapes":[{"ty":"gr","it":[{"ind":0,"ty":"sh","ix":1,"ks":{"a":0,"k":{"i":[[0,0],[1.699,5.289],[-9.253,6.105],[-7.583,-1.637],[2.927,-9.654],[-0.332,-2.993]],"o":[[-10.167,-1.804],[-3.488,-10.857],[6.654,-4.39],[-11.672,3.3],[-0.885,2.881],[0,0]],"v":[[-3.936,24.405],[-17.376,10.489],[-4.161,-19.239],[18.251,-23.811],[-4.896,-2.477],[-5.615,6.5]],"c":true},"ix":2},"nm":"Path 1","mn":"ADBE Vector Shape - Group","hd":false},{"ty":"fl","c":{"a":0,"k":[0.219607858097,0.054901964524,0.396078461292,1],"ix":4},"o":{"a":0,"k":20,"ix":5},"r":1,"bm":0,"nm":"Fill 1","mn":"ADBE Vector Graphic - Fill","hd":false},{"ty":"tr","p":{"a":0,"k":[21.333,25.615],"ix":2},"a":{"a":0,"k":[0,0],"ix":1},"s":{"a":0,"k":[100,100],"ix":3},"r":{"a":0,"k":0,"ix":6},"o":{"a":0,"k":100,"ix":7},"sk":{"a":0,"k":0,"ix":4},"sa":{"a":0,"k":0,"ix":5},"nm":"Transform"}],"nm":"Group 1","np":4,"cix":2,"bm":0,"ix":1,"mn":"ADBE Vector Group","hd":false},{"ty":"gr","it":[{"ind":0,"ty":"sh","ix":1,"ks":{"a":0,"k":{"i":[[-6.506,-2.725],[-2.501,-1.603],[4.902,-12.903],[5.837,-3.821],[0.466,-0.04],[0,0],[0,-0.609],[2.38,-2.993],[20.582,-0.222],[3.43,4.322],[0.056,2.882],[0.055,0.61],[0,0],[1.712,5.329],[-9.252,6.105],[-7.522,-1.557],[-3.951,0.025],[0,0]],"o":[[3.047,0.883],[10.726,6.876],[-1.021,2.688],[-0.474,0.054],[0,0],[-0.055,0.61],[-0.056,2.771],[-3.319,4.211],[-22.131,0.221],[-2.379,-2.937],[0,-0.609],[0,0],[-10.377,-1.741],[-3.488,-10.857],[6.591,-4.349],[3.456,-1.021],[0,0],[9.553,-0.058]],"v":[[26.248,-42.62],[34.681,-38.844],[46.821,-5.959],[36.533,3.805],[35.123,3.945],[33.287,23.8],[33.177,25.574],[30.244,35.438],[1.419,45.965],[-29.454,35.77],[-32.497,26.404],[-32.607,24.632],[-34.561,3.794],[-48.235,-10.163],[-35.02,-39.891],[-12.823,-44.508],[-1.679,-46.128],[1.474,-46.128]],"c":true},"ix":2},"nm":"Path 1","mn":"ADBE Vector Shape - Group","hd":false},{"ty":"fl","c":{"a":0,"k":[0.772549079446,0.20000001496,0.333333333333,1],"ix":4},"o":{"a":0,"k":100,"ix":5},"r":1,"bm":0,"nm":"Fill 1","mn":"ADBE Vector Graphic - Fill","hd":false},{"ty":"tr","p":{"a":0,"k":[51.973,46.437],"ix":2},"a":{"a":0,"k":[0,0],"ix":1},"s":{"a":0,"k":[100,100],"ix":3},"r":{"a":0,"k":0,"ix":6},"o":{"a":0,"k":100,"ix":7},"sk":{"a":0,"k":0,"ix":4},"sa":{"a":0,"k":0,"ix":5},"nm":"Transform"}],"nm":"Group 2","np":4,"cix":2,"bm":0,"ix":2,"mn":"ADBE Vector Group","hd":false}],"ip":0,"op":150.000006109625,"st":0,"bm":0},{"ddd":0,"ind":27,"ty":4,"nm":"doc Outlines","sr":1,"ks":{"o":{"a":0,"k":100,"ix":11},"r":{"a":0,"k":0,"ix":10},"p":{"a":1,"k":[{"i":{"x":0.667,"y":1},"o":{"x":0.333,"y":0},"t":0,"s":[241.401,78.067,0],"to":[0,-1.944,0],"ti":[0,0,0]},{"i":{"x":0.667,"y":1},"o":{"x":0.333,"y":0},"t":46.875,"s":[241.401,66.4,0],"to":[0,0,0],"ti":[0,0,0]},{"i":{"x":0.667,"y":1},"o":{"x":0.333,"y":0},"t":103.125,"s":[241.401,78.067,0],"to":[0,0,0],"ti":[0,1.944,0]},{"t":150.000006109625,"s":[241.401,66.4,0]}],"ix":2},"a":{"a":0,"k":[57.536,60.462,0],"ix":1},"s":{"a":0,"k":[100,100,100],"ix":6}},"ao":0,"shapes":[{"ty":"gr","it":[{"ind":0,"ty":"sh","ix":1,"ks":{"a":0,"k":{"i":[[0,0],[0,0]],"o":[[0,0],[0,0]],"v":[[-12.292,21.206],[25.008,7.021]],"c":false},"ix":2},"nm":"Path 1","mn":"ADBE Vector Shape - Group","hd":false},{"ind":1,"ty":"sh","ix":2,"ks":{"a":0,"k":{"i":[[0,0],[0,0]],"o":[[0,0],[0,0]],"v":[[-17.379,12.305],[19.922,-1.879]],"c":false},"ix":2},"nm":"Path 2","mn":"ADBE Vector Shape - Group","hd":false},{"ind":2,"ty":"sh","ix":3,"ks":{"a":0,"k":{"i":[[0,0],[0,0]],"o":[[0,0],[0,0]],"v":[[-21.448,2.642],[15.853,-11.543]],"c":false},"ix":2},"nm":"Path 3","mn":"ADBE Vector Shape - Group","hd":false},{"ind":3,"ty":"sh","ix":4,"ks":{"a":0,"k":{"i":[[0,0],[0,0]],"o":[[0,0],[0,0]],"v":[[-25.008,-7.022],[12.293,-21.206]],"c":false},"ix":2},"nm":"Path 4","mn":"ADBE Vector Shape - Group","hd":false},{"ty":"mm","mm":1,"nm":"Merge Paths 1","mn":"ADBE Vector Filter - Merge","hd":false},{"ty":"st","c":{"a":0,"k":[1,1,1,1],"ix":3},"o":{"a":0,"k":100,"ix":4},"w":{"a":0,"k":4.64,"ix":5},"lc":2,"lj":2,"bm":0,"nm":"Stroke 1","mn":"ADBE Vector Graphic - Stroke","hd":false},{"ty":"tr","p":{"a":0,"k":[59.393,59.81],"ix":2},"a":{"a":0,"k":[0,0],"ix":1},"s":{"a":0,"k":[100,100],"ix":3},"r":{"a":0,"k":0,"ix":6},"o":{"a":0,"k":100,"ix":7},"sk":{"a":0,"k":0,"ix":4},"sa":{"a":0,"k":0,"ix":5},"nm":"Transform"}],"nm":"Group 1","np":6,"cix":2,"bm":0,"ix":1,"mn":"ADBE Vector Group","hd":false},{"ty":"gr","it":[{"ind":0,"ty":"sh","ix":1,"ks":{"a":0,"k":{"i":[[2.737,15.79],[4.281,-1.263],[-9.123,1.544],[2.316,-12.071],[-6.597,-3.158],[6.457,-0.913],[8.842,16.211]],"o":[[-2.189,-12.632],[23.916,-14.147],[20.211,-0.842],[0.842,21.222],[-4.842,10.106],[-2.737,27.369],[-8.843,-16.211]],"v":[[-32.633,-25.053],[-48.212,-37.054],[9.053,-59.37],[27.369,-24.211],[48.212,11.79],[17.474,32.844],[-24.422,19.159]],"c":true},"ix":2},"nm":"Path 1","mn":"ADBE Vector Shape - Group","hd":false},{"ty":"fl","c":{"a":0,"k":[0.400000029919,0.84313731474,0.862745157878,1],"ix":4},"o":{"a":0,"k":100,"ix":5},"r":1,"bm":0,"nm":"Fill 1","mn":"ADBE Vector Graphic - Fill","hd":false},{"ty":"tr","p":{"a":0,"k":[54.357,60.462],"ix":2},"a":{"a":0,"k":[0,0],"ix":1},"s":{"a":0,"k":[100,100],"ix":3},"r":{"a":0,"k":0,"ix":6},"o":{"a":0,"k":100,"ix":7},"sk":{"a":0,"k":0,"ix":4},"sa":{"a":0,"k":0,"ix":5},"nm":"Transform"}],"nm":"Group 2","np":4,"cix":2,"bm":0,"ix":2,"mn":"ADBE Vector Group","hd":false},{"ty":"gr","it":[{"ind":0,"ty":"sh","ix":1,"ks":{"a":0,"k":{"i":[[4.983,-5.263],[8.14,7.509],[0,0],[0,0],[0,0]],"o":[[-23.243,23.243],[0,0],[0,0],[0,0],[6.569,10.948]],"v":[[20.085,3.116],[-33.391,9.643],[-13.812,-0.884],[19.033,-13.937],[26.822,-26.359]],"c":true},"ix":2},"nm":"Path 1","mn":"ADBE Vector Shape - Group","hd":false},{"ty":"fl","c":{"a":0,"k":[0,0.592156862745,0.61568627451,1],"ix":4},"o":{"a":0,"k":100,"ix":5},"r":1,"bm":0,"nm":"Fill 1","mn":"ADBE Vector Graphic - Fill","hd":false},{"ty":"tr","p":{"a":0,"k":[81.432,89.558],"ix":2},"a":{"a":0,"k":[0,0],"ix":1},"s":{"a":0,"k":[100,100],"ix":3},"r":{"a":0,"k":0,"ix":6},"o":{"a":0,"k":100,"ix":7},"sk":{"a":0,"k":0,"ix":4},"sa":{"a":0,"k":0,"ix":5},"nm":"Transform"}],"nm":"Group 3","np":4,"cix":2,"bm":0,"ix":3,"mn":"ADBE Vector Group","hd":false},{"ty":"gr","it":[{"ind":0,"ty":"sh","ix":1,"ks":{"a":0,"k":{"i":[[-7.325,0],[0,7.326],[7.326,0],[0,-7.325]],"o":[[7.326,0],[0,-7.325],[-7.325,0],[0,7.326]],"v":[[-0.001,13.264],[13.264,-0.001],[-0.001,-13.264],[-13.264,-0.001]],"c":true},"ix":2},"nm":"Path 1","mn":"ADBE Vector Shape - Group","hd":false},{"ty":"fl","c":{"a":0,"k":[0,0.592156862745,0.61568627451,1],"ix":4},"o":{"a":0,"k":100,"ix":5},"r":1,"bm":0,"nm":"Fill 1","mn":"ADBE Vector Graphic - Fill","hd":false},{"ty":"tr","p":{"a":0,"k":[13.513,34.567],"ix":2},"a":{"a":0,"k":[0,0],"ix":1},"s":{"a":0,"k":[100,100],"ix":3},"r":{"a":0,"k":0,"ix":6},"o":{"a":0,"k":100,"ix":7},"sk":{"a":0,"k":0,"ix":4},"sa":{"a":0,"k":0,"ix":5},"nm":"Transform"}],"nm":"Group 4","np":4,"cix":2,"bm":0,"ix":4,"mn":"ADBE Vector Group","hd":false}],"ip":0,"op":150.000006109625,"st":0,"bm":0},{"ddd":0,"ind":28,"ty":4,"nm":"bg","sr":1,"ks":{"o":{"a":0,"k":100,"ix":11},"r":{"a":0,"k":0,"ix":10},"p":{"a":0,"k":[210.742,62.906,0],"ix":2},"a":{"a":0,"k":[133.043,151.037,0],"ix":1},"s":{"a":0,"k":[100,100,100],"ix":6}},"ao":0,"shapes":[{"ty":"gr","it":[{"ind":0,"ty":"sh","ix":1,"ks":{"a":0,"k":{"i":[[0,0],[1.004,-1.547],[0,0],[-2.02,0],[0,0],[1.1,1.694]],"o":[[-1.005,-1.547],[0,0],[-1.1,1.694],[0,0],[2.02,0],[0,0]],"v":[[2.137,-5.808],[-2.136,-5.808],[-7.876,3.035],[-5.74,6.968],[5.74,6.968],[7.876,3.035]],"c":true},"ix":2},"nm":"Path 1","mn":"ADBE Vector Shape - Group","hd":false},{"ty":"fl","c":{"a":0,"k":[0.901960844152,0.972549079446,0.976470648074,1],"ix":4},"o":{"a":0,"k":100,"ix":5},"r":1,"bm":0,"nm":"Fill 1","mn":"ADBE Vector Graphic - Fill","hd":false},{"ty":"tr","p":{"a":0,"k":[196.533,113.514],"ix":2},"a":{"a":0,"k":[0,0],"ix":1},"s":{"a":0,"k":[100,100],"ix":3},"r":{"a":0,"k":0,"ix":6},"o":{"a":0,"k":100,"ix":7},"sk":{"a":0,"k":0,"ix":4},"sa":{"a":0,"k":0,"ix":5},"nm":"Transform"}],"nm":"Group 2","np":2,"cix":2,"bm":0,"ix":1,"mn":"ADBE Vector Group","hd":false},{"ty":"gr","it":[{"ind":0,"ty":"sh","ix":1,"ks":{"a":0,"k":{"i":[[-2.706,-2.364],[0,0],[2.708,2.363],[0,0]],"o":[[2.705,2.364],[0,0],[-2.705,-2.364],[0,0]],"v":[[-2.459,2.812],[4.901,4.279],[2.457,-2.812],[-4.9,-4.281]],"c":true},"ix":2},"nm":"Path 1","mn":"ADBE Vector Shape - Group","hd":false},{"ty":"fl","c":{"a":0,"k":[0.901960844152,0.972549079446,0.976470648074,1],"ix":4},"o":{"a":0,"k":100,"ix":5},"r":1,"bm":0,"nm":"Fill 1","mn":"ADBE Vector Graphic - Fill","hd":false},{"ty":"tr","p":{"a":0,"k":[62.5,159.689],"ix":2},"a":{"a":0,"k":[0,0],"ix":1},"s":{"a":0,"k":[100,100],"ix":3},"r":{"a":0,"k":0,"ix":6},"o":{"a":0,"k":100,"ix":7},"sk":{"a":0,"k":0,"ix":4},"sa":{"a":0,"k":0,"ix":5},"nm":"Transform"}],"nm":"Group 3","np":3,"cix":2,"bm":0,"ix":2,"mn":"ADBE Vector Group","hd":false},{"ty":"gr","it":[{"ind":0,"ty":"sh","ix":1,"ks":{"a":0,"k":{"i":[[1.913,-48.672],[43.919,18.379],[14.651,15.881],[2.642,12.814],[-6.414,6.981],[-23.037,-29.032]],"o":[[-0.743,18.872],[-20.427,-8.549],[-8.734,-9.465],[-2.283,-11.061],[14.425,-15.699],[23.036,29.032]],"v":[[71.034,12.763],[-13.922,47.988],[-46.193,12.817],[-70.664,-17.228],[-63.429,-46.637],[1.037,-42.446]],"c":true},"ix":2},"nm":"Path 1","mn":"ADBE Vector Shape - Group","hd":false},{"ty":"fl","c":{"a":0,"k":[0.800000059838,0.949019667682,0.952941236309,1],"ix":4},"o":{"a":0,"k":100,"ix":5},"r":1,"bm":0,"nm":"Fill 1","mn":"ADBE Vector Graphic - Fill","hd":false},{"ty":"tr","p":{"a":0,"k":[134.711,154.498],"ix":2},"a":{"a":0,"k":[0,0],"ix":1},"s":{"a":0,"k":[100,100],"ix":3},"r":{"a":0,"k":0,"ix":6},"o":{"a":0,"k":100,"ix":7},"sk":{"a":0,"k":0,"ix":4},"sa":{"a":0,"k":0,"ix":5},"nm":"Transform"}],"nm":"Group 14","np":2,"cix":2,"bm":0,"ix":3,"mn":"ADBE Vector Group","hd":false}],"ip":0,"op":150.000006109625,"st":0,"bm":0}],"markers":[]}