{"flutter":{"platforms":{"android":{"default":{"projectId":"smartservices-aacff","appId":"1:29580934456:android:ef510fa4e443ce7c0c55cd","fileOutput":"android/app/google-services.json"}},"dart":{"lib/firebase_options.dart":{"projectId":"smartservices-aacff","configurations":{"android":"1:29580934456:android:ef510fa4e443ce7c0c55cd","ios":"1:29580934456:ios:d8e3f7797bb9a11b0c55cd","macos":"1:29580934456:ios:d8e3f7797bb9a11b0c55cd","web":"1:29580934456:web:16c58f4fe1b3b20f0c55cd","windows":"1:29580934456:web:8c71bb4a0d3280340c55cd"}}}}}}